,,,,,,Temperature [degree C],,,,,Precipitation [%],,,,,
Scenario, Region, Region Label, Mask, Season, Year, Min, 25th percentile, median, 75th percentile, Max, Min, 25th percentile, median, 75th percentile, Max,
rcp26,Africa: Sahara, SAH, land,Annual,2035,0.6,0.8,0.9,1.1,1.6,-17,-5,2,9,36,
rcp26,Africa: Sahara, SAH, land,Annual,2065,0.5,1.1,1.2,1.5,2.3,-26,-6,6,13,44,
rcp26,Africa: Sahara, SAH, land,Annual,2100,-0.1,0.9,1.1,1.5,2.4,-36,-4,1,11,61,
rcp26,Africa: Sahara, SAH, land,BW,2035,0.1,0.7,0.9,1.0,1.3,-37,-6,2,8,77,
rcp26,Africa: Sahara, SAH, land,BW,2065,0.4,1.0,1.3,1.5,1.8,-27,-11,-3,12,74,
rcp26,Africa: Sahara, SAH, land,BW,2100,-0.3,0.9,1.2,1.4,1.7,-33,-8,-2,6,90,
rcp26,Africa: Sahara, SAH, land,BS,2035,0.5,0.9,0.9,1.1,2.0,-18,-5,3,11,44,
rcp26,Africa: Sahara, SAH, land,BS,2065,0.7,1.0,1.2,1.7,2.9,-26,-5,6,14,56,
rcp26,Africa: Sahara, SAH, land,BS,2100,0.2,1.0,1.2,1.8,3.0,-41,-4,4,13,60,
rcp26,Antarctica (land), ANT, land,Annual,2035,0.0,0.5,0.6,0.9,1.4,-1,2,3,6,10,
rcp26,Antarctica (land), ANT, land,Annual,2065,-0.3,0.6,0.8,1.3,1.8,-5,2,4,8,11,
rcp26,Antarctica (land), ANT, land,Annual,2100,-0.3,0.7,0.9,1.3,2.2,-5,3,5,6,14,
rcp26,Antarctica (land), ANT, land,BW,2035,0.1,0.4,0.6,0.8,1.2,-3,1,2,5,7,
rcp26,Antarctica (land), ANT, land,BW,2065,-0.3,0.6,0.9,1.2,1.8,-9,1,3,6,11,
rcp26,Antarctica (land), ANT, land,BW,2100,0.0,0.6,0.8,1.3,2.1,-6,1,3,5,12,
rcp26,Antarctica (land), ANT, land,BS,2035,-0.3,0.4,0.7,0.9,1.9,0,2,3,6,13,
rcp26,Antarctica (land), ANT, land,BS,2065,-0.5,0.6,0.9,1.4,1.9,-2,3,5,10,12,
rcp26,Antarctica (land), ANT, land,BS,2100,-0.8,0.7,1.0,1.2,2.3,-4,3,6,9,16,
rcp26,Antarctica (sea), ANT, sea,Annual,2035,-0.4,0.2,0.3,0.7,1.3,0,1,2,3,5,
rcp26,Antarctica (sea), ANT, sea,Annual,2065,-0.7,0.3,0.5,1.0,1.5,-1,2,3,4,8,
rcp26,Antarctica (sea), ANT, sea,Annual,2100,-0.7,0.4,0.6,1.2,1.8,-1,1,3,4,7,
rcp26,Antarctica (sea), ANT, sea,BW,2035,-0.2,0.1,0.2,0.5,0.7,-1,1,2,3,5,
rcp26,Antarctica (sea), ANT, sea,BW,2065,-0.5,0.3,0.5,0.7,1.0,-1,1,3,4,7,
rcp26,Antarctica (sea), ANT, sea,BW,2100,-0.3,0.3,0.5,0.8,1.2,-2,1,2,3,7,
rcp26,Antarctica (sea), ANT, sea,BS,2035,-0.6,0.3,0.4,0.9,2.0,0,1,2,3,5,
rcp26,Antarctica (sea), ANT, sea,BS,2065,-1.1,0.4,0.7,1.3,2.2,-1,2,3,5,9,
rcp26,Antarctica (sea), ANT, sea,BS,2100,-1.2,0.3,0.7,1.6,2.3,-1,2,3,5,8,
rcp26,Arctic (land), ARC, land,Annual,2035,0.3,1.1,1.4,1.8,3.4,1,4,6,8,20,
rcp26,Arctic (land), ARC, land,Annual,2065,-1.1,1.7,2.1,2.7,5.5,-3,7,9,11,31,
rcp26,Arctic (land), ARC, land,Annual,2100,-2.9,1.4,1.9,2.8,5.6,-8,6,9,11,34,
rcp26,Arctic (land), ARC, land,BW,2035,0.5,1.2,1.8,2.1,3.8,1,5,8,12,18,
rcp26,Arctic (land), ARC, land,BW,2065,-1.2,2.0,2.6,3.2,6.5,-4,10,12,18,32,
rcp26,Arctic (land), ARC, land,BW,2100,-3.9,1.9,2.5,3.3,6.7,-11,9,12,18,36,
rcp26,Arctic (land), ARC, land,BS,2035,0.3,0.7,1.0,1.5,2.6,0,3,5,7,21,
rcp26,Arctic (land), ARC, land,BS,2065,-0.2,0.9,1.2,2.1,4.1,-1,5,7,10,31,
rcp26,Arctic (land), ARC, land,BS,2100,-1.1,0.7,1.0,2.2,4.4,-4,4,6,10,33,
rcp26,Arctic (sea), ARC, sea,Annual,2035,0.3,1.4,1.8,2.5,3.8,-1,6,8,9,18,
rcp26,Arctic (sea), ARC, sea,Annual,2065,-1.5,2.2,2.7,3.6,6.3,-7,9,11,15,25,
rcp26,Arctic (sea), ARC, sea,Annual,2100,-4.6,1.9,2.6,3.6,6.8,-15,7,11,16,28,
rcp26,Arctic (sea), ARC, sea,BW,2035,0.3,1.9,2.5,3.2,5.2,-2,6,10,13,25,
rcp26,Arctic (sea), ARC, sea,BW,2065,-2.2,3.0,3.9,5.0,9.3,-9,11,15,22,31,
rcp26,Arctic (sea), ARC, sea,BW,2100,-7.3,2.8,3.6,5.2,10.5,-23,9,15,20,37,
rcp26,Arctic (sea), ARC, sea,BS,2035,0.0,0.4,0.6,0.8,1.5,-1,5,6,7,16,
rcp26,Arctic (sea), ARC, sea,BS,2065,-0.6,0.7,0.9,1.2,2.4,-4,6,9,12,19,
rcp26,Arctic (sea), ARC, sea,BS,2100,-1.5,0.5,0.8,1.3,2.7,-3,4,8,12,20,
rcp26,West Asia, WAS, land,Annual,2035,0.6,0.8,1.0,1.2,1.8,-7,-1,2,6,21,
rcp26,West Asia, WAS, land,Annual,2065,0.2,1.0,1.3,1.8,2.7,-15,1,6,8,20,
rcp26,West Asia, WAS, land,Annual,2100,-0.4,0.9,1.2,1.7,2.7,-23,1,3,9,31,
rcp26,West Asia, WAS, land,BW,2035,0.3,0.7,0.9,1.2,1.8,-6,1,3,5,12,
rcp26,West Asia, WAS, land,BW,2065,0.1,0.9,1.3,1.9,2.6,-13,0,5,9,25,
rcp26,West Asia, WAS, land,BW,2100,-0.9,0.8,1.3,1.7,2.7,-13,0,3,8,16,
rcp26,West Asia, WAS, land,BS,2035,0.7,0.8,1.1,1.4,2.2,-14,-3,3,6,42,
rcp26,West Asia, WAS, land,BS,2065,0.3,1.1,1.4,1.9,3.1,-17,-4,5,9,38,
rcp26,West Asia, WAS, land,BS,2100,0.0,0.9,1.3,1.9,3.4,-31,-1,3,11,67,
rcp26,Australia/North Australia, NAU, land,Annual,2035,0.5,0.7,0.8,1.0,1.3,-17,-6,0,2,8,
rcp26,Australia/North Australia, NAU, land,Annual,2065,0.5,0.9,1.1,1.4,1.8,-21,-10,-4,0,10,
rcp26,Australia/North Australia, NAU, land,Annual,2100,0.4,0.8,1.1,1.4,2.4,-24,-11,-6,0,4,
rcp26,Australia/North Australia, NAU, land,BW,2035,0.5,0.6,0.8,1.0,1.7,-17,-6,0,3,8,
rcp26,Australia/North Australia, NAU, land,BW,2065,0.6,0.9,1.1,1.5,2.4,-23,-9,-2,0,13,
rcp26,Australia/North Australia, NAU, land,BW,2100,0.4,0.9,1.1,1.5,3.2,-26,-12,-7,0,3,
rcp26,Australia/North Australia, NAU, land,BS,2035,0.5,0.6,0.7,1.1,1.6,-41,-11,-7,1,4,
rcp26,Australia/North Australia, NAU, land,BS,2065,0.6,0.9,1.1,1.3,1.8,-47,-15,-6,1,15,
rcp26,Australia/North Australia, NAU, land,BS,2100,0.5,0.8,1.0,1.2,1.8,-38,-14,-6,1,8,
rcp26,Caribbean (land and sea), CAR, all,Annual,2035,0.4,0.5,0.6,0.7,1.1,-11,-3,-1,2,8,
rcp26,Caribbean (land and sea), CAR, all,Annual,2065,0.4,0.7,0.8,1.0,1.6,-9,-5,0,2,15,
rcp26,Caribbean (land and sea), CAR, all,Annual,2100,-0.1,0.6,0.8,1.1,1.7,-25,-4,1,3,8,
rcp26,Caribbean (land and sea), CAR, all,BW,2035,0.3,0.5,0.6,0.7,1.0,-12,-3,3,5,10,
rcp26,Caribbean (land and sea), CAR, all,BW,2065,0.4,0.7,0.8,1.1,1.6,-6,-1,2,7,13,
rcp26,Caribbean (land and sea), CAR, all,BW,2100,0.0,0.6,0.8,1.1,1.6,-16,-3,1,6,15,
rcp26,Caribbean (land and sea), CAR, all,BS,2035,0.3,0.5,0.5,0.7,1.2,-12,-7,-4,0,11,
rcp26,Caribbean (land and sea), CAR, all,BS,2065,0.4,0.7,0.8,1.0,1.6,-15,-6,-3,2,19,
rcp26,Caribbean (land and sea), CAR, all,BS,2100,-0.1,0.6,0.8,1.1,1.7,-34,-6,0,3,9,
rcp26,Central America, CAM, land,Annual,2035,0.5,0.7,0.7,0.8,1.3,-6,-2,0,2,6,
rcp26,Central America, CAM, land,Annual,2065,0.6,0.9,1.0,1.3,1.9,-9,-3,0,3,6,
rcp26,Central America, CAM, land,Annual,2100,0.4,0.7,1.0,1.3,2.1,-15,-1,0,2,9,
rcp26,Central America, CAM, land,BW,2035,0.3,0.6,0.7,0.9,1.2,-6,-2,0,3,8,
rcp26,Central America, CAM, land,BW,2065,0.5,0.8,1.0,1.2,1.7,-8,-2,1,5,12,
rcp26,Central America, CAM, land,BW,2100,0.4,0.7,0.9,1.3,2.0,-21,-2,1,5,14,
rcp26,Central America, CAM, land,BS,2035,0.5,0.7,0.8,0.9,1.4,-6,-2,-1,2,7,
rcp26,Central America, CAM, land,BS,2065,0.7,0.9,1.0,1.4,2.0,-10,-4,0,2,7,
rcp26,Central America, CAM, land,BS,2100,0.3,0.7,1.0,1.4,2.2,-11,-2,-1,2,10,
rcp26,Central Asia, CAS, land,Annual,2035,0.4,0.9,1.1,1.3,1.8,-9,0,3,6,14,
rcp26,Central Asia, CAS, land,Annual,2065,0.0,1.1,1.4,1.9,3.2,-9,1,4,8,18,
rcp26,Central Asia, CAS, land,Annual,2100,-0.8,1.0,1.4,1.8,3.1,-16,0,5,7,17,
rcp26,Central Asia, CAS, land,BW,2035,0.4,0.8,1.0,1.5,2.2,-9,0,4,7,14,
rcp26,Central Asia, CAS, land,BW,2065,-0.2,1.0,1.5,2.1,3.6,-10,0,4,12,19,
rcp26,Central Asia, CAS, land,BW,2100,-1.3,0.7,1.6,2.2,3.3,-13,0,5,10,18,
rcp26,Central Asia, CAS, land,BS,2035,0.3,0.8,1.1,1.4,2.0,-14,-1,3,7,16,
rcp26,Central Asia, CAS, land,BS,2065,0.1,0.9,1.4,2.0,3.5,-9,0,3,8,21,
rcp26,Central Asia, CAS, land,BS,2100,-0.5,0.6,1.2,1.7,3.8,-19,1,5,10,17,
rcp26,Central Europe, CEU, land,Annual,2035,0.1,0.7,1.0,1.3,1.9,-2,0,1,4,9,
rcp26,Central Europe, CEU, land,Annual,2065,-0.5,1.0,1.3,1.8,2.9,-4,0,3,5,9,
rcp26,Central Europe, CEU, land,Annual,2100,-1.4,0.9,1.3,1.9,2.8,-5,2,3,7,12,
rcp26,Central Europe, CEU, land,BW,2035,-0.2,0.6,1.0,1.5,2.3,-4,-1,2,5,11,
rcp26,Central Europe, CEU, land,BW,2065,-0.9,0.6,1.3,1.9,3.4,-4,1,3,7,11,
rcp26,Central Europe, CEU, land,BW,2100,-1.9,1.0,1.3,2.4,2.9,-1,2,4,6,16,
rcp26,Central Europe, CEU, land,BS,2035,0.4,0.7,1.1,1.4,2.5,-6,-1,2,3,6,
rcp26,Central Europe, CEU, land,BS,2065,-0.4,0.9,1.4,2.0,3.3,-9,0,2,6,8,
rcp26,Central Europe, CEU, land,BS,2100,-0.7,0.8,1.3,2.0,3.4,-12,1,4,8,14,
rcp26,Central North America, CNA, land,Annual,2035,0.4,0.8,1.0,1.2,2.0,-5,-1,2,3,7,
rcp26,Central North America, CNA, land,Annual,2065,0.4,0.9,1.4,1.9,2.6,-6,0,2,5,11,
rcp26,Central North America, CNA, land,Annual,2100,-0.1,0.8,1.4,1.8,2.8,-6,1,2,5,10,
rcp26,Central North America, CNA, land,BW,2035,-0.2,0.6,1.1,1.4,2.5,-7,-2,2,4,10,
rcp26,Central North America, CNA, land,BW,2065,0.2,0.9,1.5,1.9,3.3,-4,-1,2,6,18,
rcp26,Central North America, CNA, land,BW,2100,-0.2,0.8,1.5,2.1,3.4,-10,0,2,6,15,
rcp26,Central North America, CNA, land,BS,2035,0.4,0.7,1.2,1.4,2.2,-8,-1,1,4,8,
rcp26,Central North America, CNA, land,BS,2065,0.5,1.0,1.4,2.0,2.9,-8,0,2,4,9,
rcp26,Central North America, CNA, land,BS,2100,-0.1,0.8,1.2,1.7,3.4,-6,0,2,6,12,
rcp26,East Africa, EAF, land,Annual,2035,0.4,0.6,0.7,0.9,1.3,-5,-1,1,3,9,
rcp26,East Africa, EAF, land,Annual,2065,0.6,0.8,1.0,1.2,1.8,-8,-2,0,4,13,
rcp26,East Africa, EAF, land,Annual,2100,0.2,0.7,0.9,1.3,2.0,-7,-2,0,2,14,
rcp26,East Africa, EAF, land,BW,2035,0.4,0.6,0.7,0.8,1.4,-4,-1,2,5,8,
rcp26,East Africa, EAF, land,BW,2065,0.6,0.9,1.0,1.3,1.9,-6,-1,1,6,13,
rcp26,East Africa, EAF, land,BW,2100,0.3,0.7,0.9,1.3,2.0,-4,-2,2,5,16,
rcp26,East Africa, EAF, land,BS,2035,0.3,0.6,0.8,0.9,1.3,-7,-3,0,2,10,
rcp26,East Africa, EAF, land,BS,2065,0.5,0.9,1.0,1.3,1.8,-11,-5,-2,2,14,
rcp26,East Africa, EAF, land,BS,2100,0.0,0.8,1.0,1.2,2.1,-10,-4,-1,2,15,
rcp26,Eastern Asia, EAS, land,Annual,2035,0.4,0.8,1.0,1.1,1.7,-2,0,2,3,7,
rcp26,Eastern Asia, EAS, land,Annual,2065,0.2,1.0,1.4,1.7,2.7,-3,3,5,6,16,
rcp26,Eastern Asia, EAS, land,Annual,2100,-0.4,0.9,1.3,1.7,2.7,-4,2,5,7,21,
rcp26,Eastern Asia, EAS, land,BW,2035,0.3,0.6,1.1,1.4,2.0,-6,-1,2,4,8,
rcp26,Eastern Asia, EAS, land,BW,2065,-0.2,1.2,1.5,1.9,3.4,-6,1,4,10,15,
rcp26,Eastern Asia, EAS, land,BW,2100,-0.5,1.0,1.4,2.0,3.3,-5,2,6,11,22,
rcp26,Eastern Asia, EAS, land,BS,2035,0.2,0.8,0.9,1.1,1.7,-3,0,2,3,7,
rcp26,Eastern Asia, EAS, land,BS,2065,0.2,0.9,1.3,1.7,2.7,-1,3,5,6,17,
rcp26,Eastern Asia, EAS, land,BS,2100,-0.3,0.8,1.2,1.7,2.8,-4,2,5,7,20,
rcp26,Eastern North America, ENA, land,Annual,2035,0.3,0.8,1.0,1.2,1.9,-2,1,3,5,6,
rcp26,Eastern North America, ENA, land,Annual,2065,0.4,0.9,1.4,1.8,2.9,-1,2,4,6,11,
rcp26,Eastern North America, ENA, land,Annual,2100,0.0,0.9,1.2,1.8,3.2,-1,1,3,6,15,
rcp26,Eastern North America, ENA, land,BW,2035,-0.5,0.5,1.0,1.5,2.4,-5,0,4,6,9,
rcp26,Eastern North America, ENA, land,BW,2065,-0.1,0.8,1.4,2.1,3.5,-4,2,5,6,16,
rcp26,Eastern North America, ENA, land,BW,2100,-0.3,0.9,1.6,2.3,3.6,-4,0,3,7,16,
rcp26,Eastern North America, ENA, land,BS,2035,0.5,0.7,1.0,1.3,2.2,-3,0,3,5,6,
rcp26,Eastern North America, ENA, land,BS,2065,0.4,1.0,1.3,1.8,3.2,-5,2,3,7,12,
rcp26,Eastern North America, ENA, land,BS,2100,-0.1,0.9,1.2,1.7,3.6,-2,1,3,7,15,
rcp26,Equatorial Pacific, ETP, all,Annual,2035,0.3,0.5,0.6,0.8,1.1,-14,4,8,11,72,
rcp26,Equatorial Pacific, ETP, all,Annual,2065,0.4,0.7,0.8,1.0,1.6,-18,7,11,20,98,
rcp26,Equatorial Pacific, ETP, all,Annual,2100,0.0,0.6,0.8,1.1,2.1,-21,5,14,25,218,
rcp26,Equatorial Pacific, ETP, all,BW,2035,0.2,0.5,0.6,0.8,1.1,-25,3,7,10,78,
rcp26,Equatorial Pacific, ETP, all,BW,2065,0.4,0.7,0.8,1.1,1.6,-25,3,9,19,112,
rcp26,Equatorial Pacific, ETP, all,BW,2100,-0.1,0.6,0.9,1.1,2.2,-25,5,12,27,230,
rcp26,Equatorial Pacific, ETP, all,BS,2035,0.3,0.5,0.6,0.8,1.2,-31,4,10,15,68,
rcp26,Equatorial Pacific, ETP, all,BS,2065,0.4,0.7,0.8,1.0,1.8,-12,7,12,23,81,
rcp26,Equatorial Pacific, ETP, all,BS,2100,0.0,0.6,0.8,1.1,2.0,-16,7,15,25,199,
rcp26,Northern Europe, NEU, land,Annual,2035,0.1,0.6,1.2,1.5,2.4,-6,2,4,5,9,
rcp26,Northern Europe, NEU, land,Annual,2065,-1.9,1.3,1.6,2.0,3.2,-3,3,5,7,18,
rcp26,Northern Europe, NEU, land,Annual,2100,-5.2,1.1,1.5,2.1,3.3,-4,2,5,8,15,
rcp26,Northern Europe, NEU, land,BW,2035,-0.6,0.7,1.4,2.0,3.4,-5,1,4,7,15,
rcp26,Northern Europe, NEU, land,BW,2065,-2.7,1.3,2.1,2.5,4.1,-3,2,6,9,17,
rcp26,Northern Europe, NEU, land,BW,2100,-8.0,1.5,1.8,2.5,3.8,-3,3,5,11,16,
rcp26,Northern Europe, NEU, land,BS,2035,0.0,0.6,1.0,1.3,2.7,-8,0,3,5,10,
rcp26,Northern Europe, NEU, land,BS,2065,-1.1,0.9,1.3,2.0,3.6,-5,0,4,7,20,
rcp26,Northern Europe, NEU, land,BS,2100,-2.5,0.7,1.2,1.8,3.6,-12,2,4,7,14,
rcp26,High-latitudes: Canada/Greenland/Iceland, CGI, land,Annual,2035,0.4,1.0,1.2,1.4,2.7,-1,2,4,6,10,
rcp26,High-latitudes: Canada/Greenland/Iceland, CGI, land,Annual,2065,-1.1,1.3,1.8,2.4,4.4,-2,5,6,9,14,
rcp26,High-latitudes: Canada/Greenland/Iceland, CGI, land,Annual,2100,-2.5,1.3,1.7,2.5,4.4,-4,4,7,9,16,
rcp26,High-latitudes: Canada/Greenland/Iceland, CGI, land,BW,2035,0.2,1.2,1.5,1.8,3.3,-1,3,5,7,13,
rcp26,High-latitudes: Canada/Greenland/Iceland, CGI, land,BW,2065,-1.1,1.9,2.3,3.0,5.3,-3,5,7,12,18,
rcp26,High-latitudes: Canada/Greenland/Iceland, CGI, land,BW,2100,-3.5,1.6,2.4,3.2,5.0,-9,4,9,13,20,
rcp26,High-latitudes: Canada/Greenland/Iceland, CGI, land,BS,2035,0.3,0.7,1.0,1.3,2.5,-1,2,4,5,10,
rcp26,High-latitudes: Canada/Greenland/Iceland, CGI, land,BS,2065,-0.4,0.8,1.4,1.7,3.9,0,4,5,8,13,
rcp26,High-latitudes: Canada/Greenland/Iceland, CGI, land,BS,2100,-1.2,0.7,1.2,1.9,4.1,-1,3,5,7,14,
rcp26,Alaska/NW Canada, ALA, land,Annual,2035,0.5,1.1,1.4,1.8,2.7,0,4,6,7,14,
rcp26,Alaska/NW Canada, ALA, land,Annual,2065,0.6,1.4,1.9,2.5,4.1,0,6,8,11,23,
rcp26,Alaska/NW Canada, ALA, land,Annual,2100,-0.5,1.2,1.9,2.6,4.0,-2,5,8,10,25,
rcp26,Alaska/NW Canada, ALA, land,BW,2035,0.3,1.1,2.0,2.6,3.5,-2,2,7,9,17,
rcp26,Alaska/NW Canada, ALA, land,BW,2065,0.3,1.8,2.7,3.4,5.6,-2,5,10,14,25,
rcp26,Alaska/NW Canada, ALA, land,BW,2100,0.2,1.6,2.3,3.6,5.8,-2,5,8,14,25,
rcp26,Alaska/NW Canada, ALA, land,BS,2035,0.3,0.7,0.9,1.5,3.1,-1,4,6,7,15,
rcp26,Alaska/NW Canada, ALA, land,BS,2065,0.4,0.8,1.5,2.1,3.5,-1,4,8,10,24,
rcp26,Alaska/NW Canada, ALA, land,BS,2100,-0.3,0.7,1.2,2.2,3.6,-7,5,7,11,27,
rcp26,North Asia, NAS, land,Annual,2035,0.3,0.9,1.3,1.7,2.9,2,3,5,8,14,
rcp26,North Asia, NAS, land,Annual,2065,-0.2,1.4,1.7,2.3,4.4,1,5,7,8,25,
rcp26,North Asia, NAS, land,Annual,2100,-1.7,1.2,1.6,2.4,4.3,-2,5,7,9,24,
rcp26,North Asia, NAS, land,BW,2035,-0.1,0.9,1.6,2.1,3.4,2,5,7,10,18,
rcp26,North Asia, NAS, land,BW,2065,-0.4,1.6,2.1,2.4,5.7,0,7,9,13,32,
rcp26,North Asia, NAS, land,BW,2100,-1.9,1.4,2.0,2.7,5.4,1,7,10,13,29,
rcp26,North Asia, NAS, land,BS,2035,0.3,0.7,1.1,1.5,2.7,1,2,4,6,12,
rcp26,North Asia, NAS, land,BS,2065,0.3,0.9,1.4,2.0,3.8,-2,4,5,8,22,
rcp26,North Asia, NAS, land,BS,2100,-0.7,0.8,1.3,2.1,3.8,-5,4,6,8,21,
rcp26,North Indian Ocean, SAS, sea,Annual,2035,0.3,0.5,0.5,0.6,1.0,-3,-1,3,5,18,
rcp26,North Indian Ocean, SAS, sea,Annual,2065,0.5,0.6,0.8,1.1,1.4,-4,-2,5,9,23,
rcp26,North Indian Ocean, SAS, sea,Annual,2100,0.3,0.6,0.7,1.1,1.7,-11,1,6,9,23,
rcp26,North Indian Ocean, SAS, sea,BW,2035,0.3,0.5,0.5,0.7,1.0,-9,0,4,10,19,
rcp26,North Indian Ocean, SAS, sea,BW,2065,0.3,0.7,0.8,1.1,1.4,-15,-2,5,13,27,
rcp26,North Indian Ocean, SAS, sea,BW,2100,0.3,0.5,0.8,1.1,1.7,-17,1,8,14,28,
rcp26,North Indian Ocean, SAS, sea,BS,2035,0.3,0.5,0.5,0.7,1.0,-6,-1,2,6,18,
rcp26,North Indian Ocean, SAS, sea,BS,2065,0.5,0.7,0.7,1.0,1.5,-8,1,3,8,27,
rcp26,North Indian Ocean, SAS, sea,BS,2100,0.2,0.6,0.7,1.0,1.7,-16,1,4,7,17,
rcp26,Northeast Brazil, NEB, land,Annual,2035,0.4,0.6,0.8,0.9,1.3,-12,-6,-1,4,11,
rcp26,Northeast Brazil, NEB, land,Annual,2065,0.6,0.8,1.1,1.3,2.1,-15,-7,-2,1,15,
rcp26,Northeast Brazil, NEB, land,Annual,2100,0.3,0.8,1.0,1.3,2.0,-19,-5,-2,3,20,
rcp26,Northeast Brazil, NEB, land,BW,2035,0.2,0.6,0.8,0.9,1.4,-12,-7,-1,5,13,
rcp26,Northeast Brazil, NEB, land,BW,2065,0.6,0.8,1.0,1.2,1.8,-11,-6,-1,4,16,
rcp26,Northeast Brazil, NEB, land,BW,2100,0.1,0.7,1.0,1.2,2.2,-14,-4,-2,4,18,
rcp26,Northeast Brazil, NEB, land,BS,2035,0.1,0.7,0.8,0.9,1.5,-22,-9,-3,1,15,
rcp26,Northeast Brazil, NEB, land,BS,2065,0.6,0.9,1.1,1.3,2.4,-24,-12,-6,1,16,
rcp26,Northeast Brazil, NEB, land,BS,2100,0.1,0.8,1.1,1.4,2.0,-31,-11,-4,2,21,
rcp26,South America: Amazon, AMZ, land,Annual,2035,0.5,0.7,0.8,1.0,1.8,-12,-3,0,1,5,
rcp26,South America: Amazon, AMZ, land,Annual,2065,0.7,0.9,1.1,1.4,2.5,-14,-3,0,1,5,
rcp26,South America: Amazon, AMZ, land,Annual,2100,0.3,0.9,1.1,1.4,2.8,-19,-3,-1,0,5,
rcp26,South America: Amazon, AMZ, land,BW,2035,0.4,0.7,0.8,0.9,1.6,-12,-3,0,1,5,
rcp26,South America: Amazon, AMZ, land,BW,2065,0.6,0.8,1.0,1.3,2.2,-10,-3,-1,2,6,
rcp26,South America: Amazon, AMZ, land,BW,2100,0.0,0.8,1.0,1.3,2.5,-20,-4,-1,1,6,
rcp26,South America: Amazon, AMZ, land,BS,2035,0.6,0.7,0.9,1.1,1.9,-11,-3,0,1,5,
rcp26,South America: Amazon, AMZ, land,BS,2065,0.8,1.0,1.1,1.6,2.9,-19,-4,0,2,7,
rcp26,South America: Amazon, AMZ, land,BS,2100,0.5,0.9,1.1,1.5,2.8,-17,-5,-2,1,10,
rcp26,South Asia, SAS, land,Annual,2035,0.2,0.6,0.8,0.9,1.3,-2,0,3,4,8,
rcp26,South Asia, SAS, land,Annual,2065,0.7,0.9,1.0,1.4,2.0,-5,2,5,7,14,
rcp26,South Asia, SAS, land,Annual,2100,0.2,0.9,1.0,1.4,2.3,-5,1,5,8,15,
rcp26,South Asia, SAS, land,BW,2035,0.2,0.7,0.8,1.1,1.7,-11,-2,0,5,10,
rcp26,South Asia, SAS, land,BW,2065,0.5,0.9,1.2,1.6,2.3,-13,0,3,7,19,
rcp26,South Asia, SAS, land,BW,2100,0.1,0.8,1.1,1.5,2.4,-20,2,5,9,27,
rcp26,South Asia, SAS, land,BS,2035,0.2,0.5,0.7,0.9,1.2,-3,1,3,5,9,
rcp26,South Asia, SAS, land,BS,2065,0.5,0.8,0.9,1.3,1.9,-7,3,5,7,15,
rcp26,South Asia, SAS, land,BS,2100,-0.1,0.7,0.9,1.1,2.2,-10,1,5,7,17,
rcp26,South Australia/New Zealand, SAU, land,Annual,2035,0.4,0.5,0.7,0.8,0.9,-16,-4,0,1,4,
rcp26,South Australia/New Zealand, SAU, land,Annual,2065,0.6,0.7,0.9,1.1,1.4,-18,-5,-1,0,4,
rcp26,South Australia/New Zealand, SAU, land,Annual,2100,0.3,0.7,0.9,1.0,1.5,-19,-6,-3,0,8,
rcp26,South Australia/New Zealand, SAU, land,BW,2035,0.3,0.5,0.7,0.9,1.3,-17,-4,-1,1,8,
rcp26,South Australia/New Zealand, SAU, land,BW,2065,0.5,0.8,1.0,1.3,1.8,-18,-6,-3,2,6,
rcp26,South Australia/New Zealand, SAU, land,BW,2100,0.3,0.8,1.0,1.3,1.9,-23,-10,-3,0,7,
rcp26,South Australia/New Zealand, SAU, land,BS,2035,0.3,0.5,0.6,0.7,0.9,-18,-3,0,1,5,
rcp26,South Australia/New Zealand, SAU, land,BS,2065,0.4,0.7,0.8,1.0,1.4,-22,-6,-2,3,9,
rcp26,South Australia/New Zealand, SAU, land,BS,2100,0.3,0.6,0.7,1.0,1.5,-16,-6,-1,1,9,
rcp26,Southeast Asia (land), SEA, land,Annual,2035,0.3,0.5,0.6,0.7,1.2,-5,-1,0,2,8,
rcp26,Southeast Asia (land), SEA, land,Annual,2065,0.5,0.7,0.8,1.1,1.6,-4,0,1,4,7,
rcp26,Southeast Asia (land), SEA, land,Annual,2100,0.2,0.7,0.8,1.2,1.9,-5,0,1,4,10,
rcp26,Southeast Asia (land), SEA, land,BW,2035,0.3,0.5,0.6,0.7,1.2,-5,-1,0,2,10,
rcp26,Southeast Asia (land), SEA, land,BW,2065,0.4,0.7,0.9,1.1,1.6,-5,-1,2,4,9,
rcp26,Southeast Asia (land), SEA, land,BW,2100,0.2,0.7,0.8,1.2,2.0,-5,0,2,4,9,
rcp26,Southeast Asia (land), SEA, land,BS,2035,0.3,0.5,0.6,0.7,1.2,-5,-1,1,3,6,
rcp26,Southeast Asia (land), SEA, land,BS,2065,0.5,0.7,0.8,1.1,1.7,-5,-1,1,5,7,
rcp26,Southeast Asia (land), SEA, land,BS,2100,0.2,0.6,0.8,1.0,1.8,-6,0,1,3,11,
rcp26,Southeast Asia (sea), SEA, sea,Annual,2035,0.3,0.5,0.5,0.6,1.0,-4,0,1,2,4,
rcp26,Southeast Asia (sea), SEA, sea,Annual,2065,0.5,0.6,0.7,1.0,1.5,-2,1,2,4,6,
rcp26,Southeast Asia (sea), SEA, sea,Annual,2100,0.3,0.5,0.7,1.0,1.6,-2,1,2,4,7,
rcp26,Southeast Asia (sea), SEA, sea,BW,2035,0.3,0.5,0.5,0.6,1.1,-5,-1,0,3,6,
rcp26,Southeast Asia (sea), SEA, sea,BW,2065,0.5,0.6,0.7,1.0,1.5,-2,0,2,4,6,
rcp26,Southeast Asia (sea), SEA, sea,BW,2100,0.3,0.6,0.7,1.0,1.7,-3,0,2,4,7,
rcp26,Southeast Asia (sea), SEA, sea,BS,2035,0.2,0.5,0.5,0.6,1.0,-5,0,1,3,6,
rcp26,Southeast Asia (sea), SEA, sea,BS,2065,0.5,0.6,0.7,0.9,1.5,-3,1,2,3,7,
rcp26,Southeast Asia (sea), SEA, sea,BS,2100,0.3,0.5,0.7,1.0,1.7,-5,1,2,4,9,
rcp26,Southeastern South America, SSA, land,Annual,2035,0.3,0.5,0.6,0.7,1.3,-7,-1,0,2,10,
rcp26,Southeastern South America, SSA, land,Annual,2065,0.4,0.7,0.9,1.0,1.7,-7,-1,1,2,13,
rcp26,Southeastern South America, SSA, land,Annual,2100,0.4,0.7,0.8,1.1,1.8,-9,-1,1,3,9,
rcp26,Southeastern South America, SSA, land,BW,2035,0.2,0.5,0.7,0.8,1.4,-6,-1,0,2,8,
rcp26,Southeastern South America, SSA, land,BW,2065,0.3,0.6,0.9,1.2,1.8,-6,-1,0,3,11,
rcp26,Southeastern South America, SSA, land,BW,2100,0.3,0.7,0.8,1.2,2.0,-7,-2,1,3,9,
rcp26,Southeastern South America, SSA, land,BS,2035,0.1,0.3,0.7,0.8,1.1,-13,-3,2,4,14,
rcp26,Southeastern South America, SSA, land,BS,2065,0.2,0.5,0.7,1.1,1.6,-15,-1,1,3,14,
rcp26,Southeastern South America, SSA, land,BS,2100,0.3,0.5,0.8,1.1,1.7,-17,-4,0,7,17,
rcp26,Southern Africa, SAF, land,Annual,2035,0.5,0.7,0.8,0.9,1.4,-12,-4,-2,-1,9,
rcp26,Southern Africa, SAF, land,Annual,2065,0.7,1.0,1.1,1.3,2.0,-13,-6,-4,0,4,
rcp26,Southern Africa, SAF, land,Annual,2100,0.4,0.9,1.1,1.5,2.1,-13,-8,-4,-1,3,
rcp26,Southern Africa, SAF, land,BW,2035,0.4,0.7,0.8,1.0,1.2,-11,-4,-2,0,9,
rcp26,Southern Africa, SAF, land,BW,2065,0.6,1.0,1.1,1.4,2.0,-13,-7,-3,0,4,
rcp26,Southern Africa, SAF, land,BW,2100,0.2,0.8,1.1,1.5,2.1,-13,-7,-3,0,4,
rcp26,Southern Africa, SAF, land,BS,2035,0.5,0.7,0.8,0.9,1.3,-24,-8,-3,0,10,
rcp26,Southern Africa, SAF, land,BS,2065,0.7,0.9,1.1,1.3,1.9,-30,-9,-5,-2,8,
rcp26,Southern Africa, SAF, land,BS,2100,0.4,0.8,1.0,1.3,2.1,-32,-11,-8,-1,12,
rcp26,Southern Europe/Mediterranean, MED, land,Annual,2035,0.4,0.8,0.9,1.1,1.7,-9,-4,-2,0,7,
rcp26,Southern Europe/Mediterranean, MED, land,Annual,2065,0.2,1.0,1.3,1.5,2.6,-13,-6,-2,1,6,
rcp26,Southern Europe/Mediterranean, MED, land,Annual,2100,-0.4,0.9,1.2,1.5,2.7,-21,-5,-1,2,10,
rcp26,Southern Europe/Mediterranean, MED, land,BW,2035,0.2,0.7,0.7,1.0,1.4,-10,-5,-1,2,10,
rcp26,Southern Europe/Mediterranean, MED, land,BW,2065,-0.1,0.8,1.1,1.5,1.9,-12,-7,-1,4,12,
rcp26,Southern Europe/Mediterranean, MED, land,BW,2100,-0.9,0.8,1.1,1.3,1.8,-23,-4,0,4,9,
rcp26,Southern Europe/Mediterranean, MED, land,BS,2035,0.4,1.0,1.1,1.5,2.6,-15,-7,-2,1,9,
rcp26,Southern Europe/Mediterranean, MED, land,BS,2065,0.4,1.0,1.6,1.9,3.6,-17,-7,-2,0,12,
rcp26,Southern Europe/Mediterranean, MED, land,BS,2100,-0.2,1.0,1.4,1.8,3.9,-18,-4,-2,0,18,
rcp26,Southern Pacific, STP, all,Annual,2035,0.3,0.4,0.5,0.6,0.9,-12,0,1,1,4,
rcp26,Southern Pacific, STP, all,Annual,2065,0.4,0.5,0.6,0.8,1.2,-18,-1,1,3,7,
rcp26,Southern Pacific, STP, all,Annual,2100,0.3,0.5,0.6,0.9,1.4,-19,0,1,2,6,
rcp26,Southern Pacific, STP, all,BW,2035,0.3,0.4,0.5,0.6,0.9,-10,0,1,2,4,
rcp26,Southern Pacific, STP, all,BW,2065,0.4,0.5,0.7,0.9,1.1,-20,-1,2,3,5,
rcp26,Southern Pacific, STP, all,BW,2100,0.3,0.5,0.6,0.9,1.3,-19,-1,2,3,6,
rcp26,Southern Pacific, STP, all,BS,2035,0.1,0.4,0.4,0.6,0.9,-11,-1,0,3,6,
rcp26,Southern Pacific, STP, all,BS,2065,0.3,0.5,0.6,0.8,1.2,-15,-1,1,3,8,
rcp26,Southern Pacific, STP, all,BS,2100,0.3,0.5,0.6,0.8,1.4,-19,-1,1,2,6,
rcp26,Northern Tropical Pacific, NTP, all,Annual,2035,0.3,0.5,0.6,0.6,1.1,-3,-1,1,2,6,
rcp26,Northern Tropical Pacific, NTP, all,Annual,2065,0.5,0.6,0.8,1.0,1.5,-5,-1,1,3,10,
rcp26,Northern Tropical Pacific, NTP, all,Annual,2100,0.3,0.6,0.7,1.1,1.6,-4,-1,2,3,7,
rcp26,Northern Tropical Pacific, NTP, all,BW,2035,0.3,0.5,0.6,0.6,1.0,-5,0,2,3,7,
rcp26,Northern Tropical Pacific, NTP, all,BW,2065,0.4,0.6,0.8,1.0,1.4,-5,0,3,4,13,
rcp26,Northern Tropical Pacific, NTP, all,BW,2100,0.3,0.6,0.8,1.1,1.5,-6,-1,2,4,14,
rcp26,Northern Tropical Pacific, NTP, all,BS,2035,0.3,0.4,0.5,0.7,1.1,-7,-1,1,2,8,
rcp26,Northern Tropical Pacific, NTP, all,BS,2065,0.4,0.6,0.7,1.0,1.5,-5,-2,0,3,8,
rcp26,Northern Tropical Pacific, NTP, all,BS,2100,0.2,0.6,0.7,1.1,1.7,-5,-1,1,3,6,
rcp26,Tibetan Plateau, TIB, land,Annual,2035,0.4,0.8,1.1,1.4,2.0,-2,2,4,5,16,
rcp26,Tibetan Plateau, TIB, land,Annual,2065,0.2,1.1,1.5,1.9,3.3,-2,3,5,9,20,
rcp26,Tibetan Plateau, TIB, land,Annual,2100,-0.6,0.9,1.4,1.9,3.2,-4,4,6,9,22,
rcp26,Tibetan Plateau, TIB, land,BW,2035,0.3,0.8,1.0,1.5,2.1,-2,2,4,6,12,
rcp26,Tibetan Plateau, TIB, land,BW,2065,0.1,1.2,1.6,2.1,3.6,-3,4,6,10,17,
rcp26,Tibetan Plateau, TIB, land,BW,2100,-0.9,0.9,1.5,2.0,3.4,-4,4,7,10,22,
rcp26,Tibetan Plateau, TIB, land,BS,2035,0.2,0.8,1.1,1.3,2.4,-3,1,4,6,19,
rcp26,Tibetan Plateau, TIB, land,BS,2065,0.3,1.1,1.4,1.8,3.8,-3,3,5,8,24,
rcp26,Tibetan Plateau, TIB, land,BS,2100,-0.4,0.9,1.3,1.8,3.9,-4,4,6,9,24,
rcp26,West Africa, WAF, land,Annual,2035,0.4,0.6,0.7,0.9,1.3,-4,-1,1,2,5,
rcp26,West Africa, WAF, land,Annual,2065,0.6,0.9,1.0,1.3,1.9,-6,-1,1,2,4,
rcp26,West Africa, WAF, land,Annual,2100,0.2,0.8,1.0,1.2,2.2,-7,-1,0,2,4,
rcp26,West Africa, WAF, land,BW,2035,0.4,0.6,0.7,0.9,1.4,-5,-1,1,2,6,
rcp26,West Africa, WAF, land,BW,2065,0.6,0.9,1.1,1.3,2.0,-4,-1,1,5,8,
rcp26,West Africa, WAF, land,BW,2100,0.4,0.9,1.0,1.3,2.2,-7,0,1,3,7,
rcp26,West Africa, WAF, land,BS,2035,0.4,0.6,0.7,0.9,1.4,-4,-1,0,2,6,
rcp26,West Africa, WAF, land,BS,2065,0.5,0.9,1.0,1.3,2.0,-7,-1,0,1,4,
rcp26,West Africa, WAF, land,BS,2100,0.2,0.8,1.0,1.2,2.3,-8,-2,0,1,4,
rcp26,West Coast South America, WSA, land,Annual,2035,0.4,0.6,0.7,0.8,1.2,-7,-1,1,2,5,
rcp26,West Coast South America, WSA, land,Annual,2065,0.6,0.8,1.0,1.2,1.7,-8,0,1,2,5,
rcp26,West Coast South America, WSA, land,Annual,2100,0.3,0.8,0.9,1.2,2.0,-8,0,2,3,6,
rcp26,West Coast South America, WSA, land,BW,2035,0.4,0.6,0.7,0.9,1.1,-6,-1,1,2,5,
rcp26,West Coast South America, WSA, land,BW,2065,0.5,0.8,1.0,1.2,1.6,-8,-1,1,3,5,
rcp26,West Coast South America, WSA, land,BW,2100,0.3,0.7,0.9,1.2,1.9,-7,0,2,5,7,
rcp26,West Coast South America, WSA, land,BS,2035,0.3,0.6,0.8,0.8,1.4,-10,-2,0,2,7,
rcp26,West Coast South America, WSA, land,BS,2065,0.6,0.9,1.0,1.3,1.8,-8,-1,1,2,8,
rcp26,West Coast South America, WSA, land,BS,2100,0.4,0.8,0.9,1.3,2.1,-11,-1,1,4,7,
rcp26,West Indian Ocean, WIO, sea,Annual,2035,0.3,0.5,0.5,0.7,1.0,-4,0,2,2,9,
rcp26,West Indian Ocean, WIO, sea,Annual,2065,0.5,0.6,0.7,1.0,1.3,-2,1,2,3,12,
rcp26,West Indian Ocean, WIO, sea,Annual,2100,0.2,0.6,0.7,1.0,1.6,-1,2,3,6,11,
rcp26,West Indian Ocean, WIO, sea,BW,2035,0.3,0.5,0.5,0.7,1.0,-4,0,1,3,10,
rcp26,West Indian Ocean, WIO, sea,BW,2065,0.5,0.6,0.7,1.0,1.4,-6,1,2,4,12,
rcp26,West Indian Ocean, WIO, sea,BW,2100,0.2,0.6,0.7,1.0,1.6,-2,1,3,6,14,
rcp26,West Indian Ocean, WIO, sea,BS,2035,0.3,0.5,0.5,0.7,1.0,-6,0,1,4,9,
rcp26,West Indian Ocean, WIO, sea,BS,2065,0.4,0.6,0.7,1.0,1.4,-3,0,2,6,12,
rcp26,West Indian Ocean, WIO, sea,BS,2100,0.1,0.6,0.7,1.0,1.6,-3,1,4,7,11,
rcp26,West North America, WNA, land,Annual,2035,0.5,0.8,1.0,1.3,2.0,-3,-1,2,3,8,
rcp26,West North America, WNA, land,Annual,2065,0.6,1.1,1.5,1.7,3.0,-1,1,3,5,13,
rcp26,West North America, WNA, land,Annual,2100,-0.3,1.0,1.4,1.9,3.2,0,2,3,7,12,
rcp26,West North America, WNA, land,BW,2035,-0.2,0.6,1.0,1.4,2.6,-3,-1,2,5,9,
rcp26,West North America, WNA, land,BW,2065,0.3,1.0,1.6,2.1,4.0,-3,1,4,6,11,
rcp26,West North America, WNA, land,BW,2100,0.3,1.1,1.7,2.1,4.2,-1,3,4,6,12,
rcp26,West North America, WNA, land,BS,2035,0.4,0.8,1.1,1.3,2.0,-6,-2,1,5,11,
rcp26,West North America, WNA, land,BS,2065,0.2,1.0,1.4,1.8,3.0,-4,0,2,4,13,
rcp26,West North America, WNA, land,BS,2100,-0.4,0.8,1.3,1.9,3.1,-3,1,4,7,13,
rcp60,Africa: Sahara, SAH, land,Annual,2035,0.6,0.7,0.9,1.1,1.5,-13,-5,0,9,24,
rcp60,Africa: Sahara, SAH, land,Annual,2065,1.3,1.5,1.7,2.0,2.5,-20,-7,0,12,54,
rcp60,Africa: Sahara, SAH, land,Annual,2100,1.8,2.6,3.0,3.5,4.4,-19,-9,-2,17,86,
rcp60,Africa: Sahara, SAH, land,BW,2035,0.2,0.6,0.8,1.0,1.6,-36,-6,0,18,38,
rcp60,Africa: Sahara, SAH, land,BW,2065,1.0,1.3,1.6,1.9,2.3,-39,-11,0,12,26,
rcp60,Africa: Sahara, SAH, land,BW,2100,1.4,2.3,2.9,3.2,3.7,-22,-11,1,15,45,
rcp60,Africa: Sahara, SAH, land,BS,2035,0.3,0.9,1.0,1.1,1.9,-13,-8,2,11,31,
rcp60,Africa: Sahara, SAH, land,BS,2065,1.3,1.7,1.9,2.0,3.1,-15,-9,1,14,64,
rcp60,Africa: Sahara, SAH, land,BS,2100,2.1,2.8,3.1,3.7,5.1,-23,-11,-2,16,101,
rcp60,Antarctica (land), ANT, land,Annual,2035,-0.3,0.4,0.5,0.8,1.2,-3,1,3,5,9,
rcp60,Antarctica (land), ANT, land,Annual,2065,0.0,1.1,1.2,1.6,2.2,-3,3,7,9,14,
rcp60,Antarctica (land), ANT, land,Annual,2100,0.5,1.7,2.0,2.9,3.8,-2,7,10,17,25,
rcp60,Antarctica (land), ANT, land,BW,2035,-0.1,0.3,0.5,0.7,1.2,-6,1,2,4,7,
rcp60,Antarctica (land), ANT, land,BW,2065,0.1,1.0,1.3,1.5,2.1,-6,2,5,7,13,
rcp60,Antarctica (land), ANT, land,BW,2100,0.7,1.7,2.2,2.8,3.7,-6,5,6,13,22,
rcp60,Antarctica (land), ANT, land,BS,2035,-0.4,0.2,0.6,0.8,1.7,-2,1,3,5,10,
rcp60,Antarctica (land), ANT, land,BS,2065,-0.1,1.1,1.4,1.7,2.2,0,5,8,11,15,
rcp60,Antarctica (land), ANT, land,BS,2100,0.0,1.9,2.1,3.0,3.9,2,10,12,20,29,
rcp60,Antarctica (sea), ANT, sea,Annual,2035,-0.7,0.1,0.4,0.6,1.2,0,1,2,3,5,
rcp60,Antarctica (sea), ANT, sea,Annual,2065,-0.6,0.5,0.7,1.2,1.8,1,2,4,6,8,
rcp60,Antarctica (sea), ANT, sea,Annual,2100,-0.3,1.0,1.3,2.1,3.0,4,5,7,11,13,
rcp60,Antarctica (sea), ANT, sea,BW,2035,-0.5,0.1,0.3,0.4,0.8,0,1,3,3,4,
rcp60,Antarctica (sea), ANT, sea,BW,2065,-0.4,0.4,0.6,0.8,1.2,-1,2,4,5,7,
rcp60,Antarctica (sea), ANT, sea,BW,2100,-0.3,0.7,1.0,1.4,2.2,2,4,7,10,12,
rcp60,Antarctica (sea), ANT, sea,BS,2035,-1.0,0.2,0.5,0.8,1.8,0,2,2,4,6,
rcp60,Antarctica (sea), ANT, sea,BS,2065,-0.8,0.5,1.0,1.6,2.2,1,3,5,7,9,
rcp60,Antarctica (sea), ANT, sea,BS,2100,-0.4,1.1,1.6,2.8,3.8,4,6,7,12,16,
rcp60,Arctic (land), ARC, land,Annual,2035,0.1,1.2,1.3,1.6,3.6,0,4,6,7,21,
rcp60,Arctic (land), ARC, land,Annual,2065,0.8,1.9,2.6,3.1,5.5,2,9,11,14,30,
rcp60,Arctic (land), ARC, land,Annual,2100,1.0,3.7,4.5,5.4,9.1,5,16,20,23,50,
rcp60,Arctic (land), ARC, land,BW,2035,0.1,1.3,1.5,1.9,4.0,-4,6,8,11,21,
rcp60,Arctic (land), ARC, land,BW,2065,1.0,2.5,3.0,4.0,6.4,3,12,16,19,30,
rcp60,Arctic (land), ARC, land,BW,2100,1.1,5.0,5.8,6.8,12.3,8,24,29,35,62,
rcp60,Arctic (land), ARC, land,BS,2035,0.2,0.7,0.8,1.3,2.8,2,3,5,6,20,
rcp60,Arctic (land), ARC, land,BS,2065,0.8,1.3,1.7,2.3,4.1,-1,6,9,11,29,
rcp60,Arctic (land), ARC, land,BS,2100,1.1,2.1,2.8,4.0,6.8,4,11,14,19,42,
rcp60,Arctic (sea), ARC, sea,Annual,2035,-0.1,1.3,1.7,2.2,4.1,-3,6,7,10,17,
rcp60,Arctic (sea), ARC, sea,Annual,2065,0.5,2.3,3.1,4.1,6.3,-1,10,13,19,24,
rcp60,Arctic (sea), ARC, sea,Annual,2100,0.5,4.5,5.5,7.0,10.6,-1,20,24,27,43,
rcp60,Arctic (sea), ARC, sea,BW,2035,0.0,1.9,2.4,2.9,5.9,-8,6,10,14,22,
rcp60,Arctic (sea), ARC, sea,BW,2065,0.5,3.2,4.3,6.2,9.5,0,11,18,26,37,
rcp60,Arctic (sea), ARC, sea,BW,2100,0.3,7.1,8.0,10.2,17.1,-2,26,32,41,54,
rcp60,Arctic (sea), ARC, sea,BS,2035,-0.1,0.4,0.5,0.7,1.6,1,4,6,7,13,
rcp60,Arctic (sea), ARC, sea,BS,2065,0.3,0.7,1.0,1.4,2.4,-2,8,10,12,19,
rcp60,Arctic (sea), ARC, sea,BS,2100,0.0,1.4,1.9,2.3,4.8,1,14,17,21,32,
rcp60,West Asia, WAS, land,Annual,2035,0.7,0.7,0.9,1.2,1.6,-7,-2,2,5,12,
rcp60,West Asia, WAS, land,Annual,2065,1.1,1.5,1.8,2.1,2.7,-10,-2,3,7,9,
rcp60,West Asia, WAS, land,Annual,2100,1.5,2.5,3.0,3.7,4.7,-18,-5,4,6,15,
rcp60,West Asia, WAS, land,BW,2035,0.5,0.7,1.0,1.2,1.6,-7,-2,3,6,13,
rcp60,West Asia, WAS, land,BW,2065,0.9,1.4,1.7,2.0,2.9,-9,-1,4,7,10,
rcp60,West Asia, WAS, land,BW,2100,1.2,2.5,2.9,3.4,4.9,-17,-3,4,9,19,
rcp60,West Asia, WAS, land,BS,2035,0.6,0.8,1.0,1.2,2.2,-16,-4,2,5,22,
rcp60,West Asia, WAS, land,BS,2065,1.3,1.5,2.0,2.2,3.4,-16,-4,2,9,11,
rcp60,West Asia, WAS, land,BS,2100,2.1,2.6,3.2,3.9,5.6,-22,-11,0,10,22,
rcp60,Australia/North Australia, NAU, land,Annual,2035,0.4,0.6,0.8,1.0,1.4,-14,-8,-3,1,9,
rcp60,Australia/North Australia, NAU, land,Annual,2065,1.0,1.3,1.6,1.8,2.2,-18,-5,-1,3,9,
rcp60,Australia/North Australia, NAU, land,Annual,2100,1.5,2.3,2.7,3.1,3.6,-29,-9,0,3,15,
rcp60,Australia/North Australia, NAU, land,BW,2035,0.3,0.6,0.7,1.0,1.9,-17,-5,-3,1,9,
rcp60,Australia/North Australia, NAU, land,BW,2065,0.9,1.4,1.5,1.9,2.7,-16,-4,-1,3,10,
rcp60,Australia/North Australia, NAU, land,BW,2100,1.3,2.2,2.6,3.0,4.0,-30,-8,-1,6,18,
rcp60,Australia/North Australia, NAU, land,BS,2035,0.1,0.6,0.8,1.1,1.3,-36,-12,-5,2,17,
rcp60,Australia/North Australia, NAU, land,BS,2065,0.9,1.4,1.5,1.9,2.1,-46,-12,-3,2,14,
rcp60,Australia/North Australia, NAU, land,BS,2100,1.8,2.1,2.8,3.1,3.5,-57,-18,-4,5,15,
rcp60,Caribbean (land and sea), CAR, all,Annual,2035,0.3,0.5,0.5,0.7,1.0,-11,-5,-2,1,7,
rcp60,Caribbean (land and sea), CAR, all,Annual,2065,0.8,0.9,1.0,1.2,1.7,-15,-7,-2,-1,10,
rcp60,Caribbean (land and sea), CAR, all,Annual,2100,1.0,1.5,1.7,2.2,2.9,-33,-13,-7,-2,8,
rcp60,Caribbean (land and sea), CAR, all,BW,2035,0.3,0.5,0.5,0.7,1.0,-7,-4,-1,3,6,
rcp60,Caribbean (land and sea), CAR, all,BW,2065,0.8,0.9,1.0,1.2,1.7,-9,-5,-3,3,11,
rcp60,Caribbean (land and sea), CAR, all,BW,2100,1.0,1.5,1.6,2.2,2.7,-23,-8,-1,5,10,
rcp60,Caribbean (land and sea), CAR, all,BS,2035,0.3,0.4,0.5,0.7,1.0,-14,-7,-4,1,9,
rcp60,Caribbean (land and sea), CAR, all,BS,2065,0.7,0.9,0.9,1.2,1.8,-19,-9,-6,-3,6,
rcp60,Caribbean (land and sea), CAR, all,BS,2100,1.0,1.4,1.7,2.1,2.9,-43,-21,-9,-5,10,
rcp60,Central America, CAM, land,Annual,2035,0.4,0.6,0.7,0.8,1.2,-4,-2,0,2,7,
rcp60,Central America, CAM, land,Annual,2065,1.1,1.2,1.4,1.7,2.1,-15,-3,-1,2,5,
rcp60,Central America, CAM, land,Annual,2100,1.8,2.1,2.3,2.9,3.5,-17,-5,-3,1,5,
rcp60,Central America, CAM, land,BW,2035,0.4,0.5,0.6,0.8,1.1,-8,-2,-1,4,9,
rcp60,Central America, CAM, land,BW,2065,0.9,1.2,1.3,1.6,2.1,-17,-3,-1,4,11,
rcp60,Central America, CAM, land,BW,2100,1.5,2.0,2.2,2.8,3.4,-21,-6,-3,3,11,
rcp60,Central America, CAM, land,BS,2035,0.4,0.6,0.7,0.8,1.3,-5,-2,0,3,6,
rcp60,Central America, CAM, land,BS,2065,1.1,1.2,1.4,1.7,2.2,-12,-5,-2,2,7,
rcp60,Central America, CAM, land,BS,2100,1.9,2.2,2.3,3.1,3.8,-14,-6,-3,3,5,
rcp60,Central Asia, CAS, land,Annual,2035,0.6,0.9,1.0,1.2,1.9,-7,0,5,7,13,
rcp60,Central Asia, CAS, land,Annual,2065,0.9,1.6,1.9,2.2,3.0,-10,1,5,8,18,
rcp60,Central Asia, CAS, land,Annual,2100,1.2,2.7,3.3,3.9,5.3,-19,-2,3,8,22,
rcp60,Central Asia, CAS, land,BW,2035,0.3,0.9,1.1,1.5,2.1,-9,2,4,11,14,
rcp60,Central Asia, CAS, land,BW,2065,0.9,1.6,2.0,2.5,4.0,-14,0,4,9,18,
rcp60,Central Asia, CAS, land,BW,2100,1.1,2.8,3.3,4.0,5.8,-15,-5,6,12,24,
rcp60,Central Asia, CAS, land,BS,2035,0.3,0.7,1.0,1.2,2.2,-12,-2,3,7,14,
rcp60,Central Asia, CAS, land,BS,2065,0.8,1.4,1.8,2.3,3.7,-16,0,4,9,18,
rcp60,Central Asia, CAS, land,BS,2100,1.6,2.5,3.3,4.2,6.1,-29,-2,2,11,16,
rcp60,Central Europe, CEU, land,Annual,2035,0.3,0.7,1.0,1.2,2.0,-4,-1,1,3,9,
rcp60,Central Europe, CEU, land,Annual,2065,0.8,1.4,1.9,2.2,3.1,-4,0,1,5,10,
rcp60,Central Europe, CEU, land,Annual,2100,0.8,2.4,3.1,3.6,4.7,-5,-1,2,6,11,
rcp60,Central Europe, CEU, land,BW,2035,-0.4,0.6,0.8,1.3,3.2,-2,1,2,3,10,
rcp60,Central Europe, CEU, land,BW,2065,0.7,1.5,1.7,2.6,3.7,-1,2,5,7,14,
rcp60,Central Europe, CEU, land,BW,2100,0.6,2.5,3.1,3.8,5.1,0,5,7,11,18,
rcp60,Central Europe, CEU, land,BS,2035,0.3,0.7,0.9,1.2,2.0,-9,-3,0,5,10,
rcp60,Central Europe, CEU, land,BS,2065,0.6,1.5,1.9,2.6,3.4,-11,-3,0,5,9,
rcp60,Central Europe, CEU, land,BS,2100,1.3,2.4,3.2,4.2,5.6,-20,-7,-1,3,10,
rcp60,Central North America, CNA, land,Annual,2035,0.4,0.6,0.9,1.2,1.6,-5,1,1,3,9,
rcp60,Central North America, CNA, land,Annual,2065,1.0,1.4,1.7,2.1,3.0,-10,-2,2,6,11,
rcp60,Central North America, CNA, land,Annual,2100,1.8,2.5,3.0,3.7,5.0,-6,-1,3,9,15,
rcp60,Central North America, CNA, land,BW,2035,-0.4,0.6,0.9,1.1,2.1,-4,-1,2,5,11,
rcp60,Central North America, CNA, land,BW,2065,0.2,1.3,1.8,2.2,3.4,-13,-3,4,7,13,
rcp60,Central North America, CNA, land,BW,2100,1.3,2.3,3.0,4.4,5.7,-9,-1,5,12,19,
rcp60,Central North America, CNA, land,BS,2035,0.4,0.6,0.9,1.2,1.8,-6,0,2,3,9,
rcp60,Central North America, CNA, land,BS,2065,1.0,1.4,1.9,2.2,2.9,-7,-2,0,5,10,
rcp60,Central North America, CNA, land,BS,2100,1.7,2.5,3.1,4.1,5.1,-13,-2,3,7,17,
rcp60,East Africa, EAF, land,Annual,2035,0.5,0.6,0.8,0.9,1.1,-4,-1,0,3,8,
rcp60,East Africa, EAF, land,Annual,2065,1.0,1.2,1.5,1.8,2.3,-5,-2,1,4,13,
rcp60,East Africa, EAF, land,Annual,2100,1.7,2.1,2.4,2.9,3.9,-6,-1,4,10,21,
rcp60,East Africa, EAF, land,BW,2035,0.4,0.6,0.7,0.8,1.2,-3,0,2,5,10,
rcp60,East Africa, EAF, land,BW,2065,0.9,1.2,1.4,1.7,2.2,-4,0,3,7,12,
rcp60,East Africa, EAF, land,BW,2100,1.6,2.0,2.3,2.8,3.9,-5,2,9,14,23,
rcp60,East Africa, EAF, land,BS,2035,0.5,0.7,0.8,0.9,1.1,-8,-3,0,2,5,
rcp60,East Africa, EAF, land,BS,2065,1.0,1.3,1.5,1.8,2.4,-8,-5,-2,3,14,
rcp60,East Africa, EAF, land,BS,2100,1.8,2.2,2.6,2.9,3.8,-9,-6,-1,7,24,
rcp60,Eastern Asia, EAS, land,Annual,2035,0.4,0.7,0.9,1.1,1.4,-2,1,2,3,6,
rcp60,Eastern Asia, EAS, land,Annual,2065,0.9,1.5,1.6,1.9,2.7,-3,1,3,4,6,
rcp60,Eastern Asia, EAS, land,Annual,2100,1.2,2.3,2.9,3.5,4.5,0,5,8,10,18,
rcp60,Eastern Asia, EAS, land,BW,2035,0.0,0.8,1.0,1.3,2.0,-4,0,2,4,11,
rcp60,Eastern Asia, EAS, land,BW,2065,0.5,1.5,1.9,2.3,3.1,-12,-1,3,5,13,
rcp60,Eastern Asia, EAS, land,BW,2100,1.2,2.7,3.1,3.8,5.0,-7,4,8,12,19,
rcp60,Eastern Asia, EAS, land,BS,2035,0.4,0.6,0.7,0.9,1.5,-3,1,2,4,6,
rcp60,Eastern Asia, EAS, land,BS,2065,0.9,1.3,1.6,1.8,2.7,-3,1,2,5,7,
rcp60,Eastern Asia, EAS, land,BS,2100,1.4,2.2,2.8,3.6,4.5,2,5,7,10,21,
rcp60,Eastern North America, ENA, land,Annual,2035,0.3,0.6,0.9,1.1,2.0,-4,1,3,5,7,
rcp60,Eastern North America, ENA, land,Annual,2065,1.0,1.5,1.7,1.9,3.2,-1,2,5,8,11,
rcp60,Eastern North America, ENA, land,Annual,2100,1.8,2.5,3.2,3.8,5.2,-1,5,8,10,13,
rcp60,Eastern North America, ENA, land,BW,2035,-0.3,0.8,1.0,1.2,2.1,-2,0,3,6,13,
rcp60,Eastern North America, ENA, land,BW,2065,0.7,1.4,1.9,2.3,3.8,0,4,7,11,15,
rcp60,Eastern North America, ENA, land,BW,2100,1.5,2.5,3.2,4.4,6.1,0,7,12,14,20,
rcp60,Eastern North America, ENA, land,BS,2035,0.6,0.7,0.9,1.0,1.9,-7,0,3,4,9,
rcp60,Eastern North America, ENA, land,BS,2065,1.1,1.4,1.7,2.1,3.3,-4,1,4,6,10,
rcp60,Eastern North America, ENA, land,BS,2100,1.8,2.4,3.1,3.8,5.7,-4,2,4,7,15,
rcp60,Equatorial Pacific, ETP, all,Annual,2035,0.4,0.5,0.6,0.7,0.9,-1,5,7,12,33,
rcp60,Equatorial Pacific, ETP, all,Annual,2065,0.6,1.0,1.1,1.3,1.9,-1,9,14,21,113,
rcp60,Equatorial Pacific, ETP, all,Annual,2100,1.2,1.6,1.8,2.3,3.1,-5,16,22,31,215,
rcp60,Equatorial Pacific, ETP, all,BW,2035,0.4,0.5,0.6,0.8,1.0,-2,1,6,14,41,
rcp60,Equatorial Pacific, ETP, all,BW,2065,0.5,1.0,1.1,1.4,1.9,-6,9,14,20,133,
rcp60,Equatorial Pacific, ETP, all,BW,2100,1.0,1.6,1.8,2.4,3.3,-11,7,18,32,250,
rcp60,Equatorial Pacific, ETP, all,BS,2035,0.4,0.5,0.6,0.7,1.1,-1,5,9,13,21,
rcp60,Equatorial Pacific, ETP, all,BS,2065,0.7,0.9,1.1,1.3,2.1,-15,11,16,25,87,
rcp60,Equatorial Pacific, ETP, all,BS,2100,1.2,1.5,1.8,2.3,3.4,-3,21,29,42,164,
rcp60,Northern Europe, NEU, land,Annual,2035,0.1,0.7,1.2,1.5,2.3,-2,0,4,6,9,
rcp60,Northern Europe, NEU, land,Annual,2065,-0.1,1.5,1.9,2.6,3.9,-4,4,6,8,17,
rcp60,Northern Europe, NEU, land,Annual,2100,-1.3,2.7,3.1,4.2,5.3,-4,8,8,11,25,
rcp60,Northern Europe, NEU, land,BW,2035,-0.4,0.6,1.4,2.2,2.8,-5,1,5,5,11,
rcp60,Northern Europe, NEU, land,BW,2065,-0.6,1.7,2.5,3.5,5.4,-2,4,8,10,18,
rcp60,Northern Europe, NEU, land,BW,2100,-1.4,3.3,4.0,5.2,6.6,5,9,14,17,29,
rcp60,Northern Europe, NEU, land,BS,2035,-0.2,0.5,0.8,1.3,2.4,-7,0,3,6,8,
rcp60,Northern Europe, NEU, land,BS,2065,0.2,1.1,1.7,2.3,3.9,-6,1,3,7,16,
rcp60,Northern Europe, NEU, land,BS,2100,-0.8,2.0,2.8,3.8,5.4,-13,2,5,9,21,
rcp60,High-latitudes: Canada/Greenland/Iceland, CGI, land,Annual,2035,0.0,1.0,1.1,1.4,2.9,-2,3,4,6,8,
rcp60,High-latitudes: Canada/Greenland/Iceland, CGI, land,Annual,2065,0.8,1.9,2.3,2.8,4.3,2,6,8,11,15,
rcp60,High-latitudes: Canada/Greenland/Iceland, CGI, land,Annual,2100,1.2,3.3,3.9,4.8,7.6,3,11,14,18,25,
rcp60,High-latitudes: Canada/Greenland/Iceland, CGI, land,BW,2035,-0.2,1.1,1.4,1.8,3.4,-2,3,5,7,12,
rcp60,High-latitudes: Canada/Greenland/Iceland, CGI, land,BW,2065,1.1,2.4,3.1,3.8,4.9,1,9,10,14,21,
rcp60,High-latitudes: Canada/Greenland/Iceland, CGI, land,BW,2100,1.7,4.4,5.1,6.5,9.9,2,14,19,24,36,
rcp60,High-latitudes: Canada/Greenland/Iceland, CGI, land,BS,2035,0.3,0.6,0.9,1.2,2.5,-2,2,3,4,7,
rcp60,High-latitudes: Canada/Greenland/Iceland, CGI, land,BS,2065,0.8,1.2,1.7,2.2,3.9,1,4,6,9,14,
rcp60,High-latitudes: Canada/Greenland/Iceland, CGI, land,BS,2100,1.0,2.3,3.1,3.6,6.4,4,8,10,14,23,
rcp60,Alaska/NW Canada, ALA, land,Annual,2035,0.3,0.9,1.2,1.6,2.6,-1,3,5,7,14,
rcp60,Alaska/NW Canada, ALA, land,Annual,2065,1.3,1.8,2.2,2.9,4.3,3,6,8,11,24,
rcp60,Alaska/NW Canada, ALA, land,Annual,2100,2.5,3.3,4.0,4.9,7.2,4,13,15,18,37,
rcp60,Alaska/NW Canada, ALA, land,BW,2035,-0.3,1.1,1.6,2.4,3.5,-7,3,6,10,19,
rcp60,Alaska/NW Canada, ALA, land,BW,2065,1.0,2.5,3.0,4.4,5.9,0,6,10,15,27,
rcp60,Alaska/NW Canada, ALA, land,BW,2100,3.5,4.6,5.4,6.4,10.4,5,14,18,23,43,
rcp60,Alaska/NW Canada, ALA, land,BS,2035,0.3,0.7,1.0,1.3,2.1,-1,2,4,5,16,
rcp60,Alaska/NW Canada, ALA, land,BS,2065,0.6,1.3,1.6,2.3,3.3,0,5,7,9,26,
rcp60,Alaska/NW Canada, ALA, land,BS,2100,1.4,2.0,3.0,4.1,5.9,1,10,13,18,38,
rcp60,North Asia, NAS, land,Annual,2035,0.5,0.9,1.2,1.7,2.7,1,3,5,7,15,
rcp60,North Asia, NAS, land,Annual,2065,1.1,1.7,2.3,2.7,4.3,2,5,7,11,23,
rcp60,North Asia, NAS, land,Annual,2100,1.3,3.1,3.7,4.7,6.6,2,12,14,18,34,
rcp60,North Asia, NAS, land,BW,2035,0.5,1.0,1.4,2.1,3.2,1,4,7,9,17,
rcp60,North Asia, NAS, land,BW,2065,1.3,1.8,3.0,3.3,5.8,1,9,13,15,29,
rcp60,North Asia, NAS, land,BW,2100,1.8,4.2,4.8,5.6,8.5,6,17,21,28,47,
rcp60,North Asia, NAS, land,BS,2035,0.4,0.8,1.0,1.2,2.4,0,2,3,6,14,
rcp60,North Asia, NAS, land,BS,2065,0.5,1.3,1.9,2.3,3.7,0,3,6,10,19,
rcp60,North Asia, NAS, land,BS,2100,1.5,2.3,3.1,4.1,6.0,-2,7,10,13,28,
rcp60,North Indian Ocean, SAS, sea,Annual,2035,0.3,0.5,0.6,0.7,1.0,-3,-1,3,6,12,
rcp60,North Indian Ocean, SAS, sea,Annual,2065,0.8,0.9,1.0,1.3,1.6,-4,2,6,9,23,
rcp60,North Indian Ocean, SAS, sea,Annual,2100,1.5,1.6,1.7,2.4,2.8,-7,3,12,15,47,
rcp60,North Indian Ocean, SAS, sea,BW,2035,0.3,0.5,0.6,0.7,1.0,-7,-1,6,10,16,
rcp60,North Indian Ocean, SAS, sea,BW,2065,0.7,0.9,1.0,1.3,1.6,-8,3,8,19,25,
rcp60,North Indian Ocean, SAS, sea,BW,2100,1.3,1.6,1.7,2.3,2.8,-7,8,14,27,57,
rcp60,North Indian Ocean, SAS, sea,BS,2035,0.3,0.5,0.6,0.7,1.0,-6,-2,1,5,10,
rcp60,North Indian Ocean, SAS, sea,BS,2065,0.8,0.9,1.1,1.3,1.7,-6,0,4,8,21,
rcp60,North Indian Ocean, SAS, sea,BS,2100,1.5,1.6,1.8,2.3,2.9,-13,3,6,13,36,
rcp60,Northeast Brazil, NEB, land,Annual,2035,0.4,0.6,0.8,0.9,1.2,-10,-3,0,3,15,
rcp60,Northeast Brazil, NEB, land,Annual,2065,1.0,1.2,1.5,1.7,2.2,-13,-5,-2,2,23,
rcp60,Northeast Brazil, NEB, land,Annual,2100,1.6,2.1,2.5,3.0,3.6,-13,-9,-5,2,34,
rcp60,Northeast Brazil, NEB, land,BW,2035,0.4,0.5,0.7,0.9,1.3,-7,-2,2,5,14,
rcp60,Northeast Brazil, NEB, land,BW,2065,0.8,1.1,1.5,1.7,2.1,-13,-4,-2,4,23,
rcp60,Northeast Brazil, NEB, land,BW,2100,1.5,2.0,2.4,2.9,3.7,-13,-6,-4,7,38,
rcp60,Northeast Brazil, NEB, land,BS,2035,0.3,0.6,0.8,0.9,1.2,-18,-8,-3,1,15,
rcp60,Northeast Brazil, NEB, land,BS,2065,0.7,1.2,1.5,1.7,2.4,-16,-10,-5,0,21,
rcp60,Northeast Brazil, NEB, land,BS,2100,1.5,2.1,2.5,2.9,3.5,-39,-14,-9,-6,21,
rcp60,South America: Amazon, AMZ, land,Annual,2035,0.5,0.7,0.8,0.9,1.7,-6,-1,1,2,7,
rcp60,South America: Amazon, AMZ, land,Annual,2065,1.1,1.3,1.5,1.8,2.8,-8,-3,0,2,8,
rcp60,South America: Amazon, AMZ, land,Annual,2100,1.9,2.2,2.5,3.3,4.4,-9,-5,0,1,7,
rcp60,South America: Amazon, AMZ, land,BW,2035,0.5,0.6,0.7,0.9,1.4,-7,-2,0,2,7,
rcp60,South America: Amazon, AMZ, land,BW,2065,0.9,1.3,1.5,1.7,2.2,-9,-3,-1,2,5,
rcp60,South America: Amazon, AMZ, land,BW,2100,1.9,2.1,2.4,3.0,3.9,-14,-5,-1,2,5,
rcp60,South America: Amazon, AMZ, land,BS,2035,0.5,0.7,0.8,1.0,1.6,-6,-1,0,3,7,
rcp60,South America: Amazon, AMZ, land,BS,2065,1.0,1.3,1.6,1.9,2.9,-9,-5,0,2,11,
rcp60,South America: Amazon, AMZ, land,BS,2100,1.8,2.2,2.8,3.3,4.2,-12,-5,-2,3,12,
rcp60,South Asia, SAS, land,Annual,2035,0.3,0.6,0.8,0.9,1.2,-2,1,4,5,7,
rcp60,South Asia, SAS, land,Annual,2065,1.1,1.2,1.3,1.7,2.0,-5,2,5,6,16,
rcp60,South Asia, SAS, land,Annual,2100,1.9,2.2,2.4,3.3,3.8,-5,9,11,14,24,
rcp60,South Asia, SAS, land,BW,2035,0.3,0.6,0.9,1.1,1.3,-7,-1,5,8,14,
rcp60,South Asia, SAS, land,BW,2065,0.8,1.3,1.5,1.8,2.4,-9,-1,7,10,22,
rcp60,South Asia, SAS, land,BW,2100,1.9,2.3,2.7,3.3,3.9,-12,5,10,13,51,
rcp60,South Asia, SAS, land,BS,2035,0.2,0.5,0.7,0.8,1.1,-3,1,3,4,7,
rcp60,South Asia, SAS, land,BS,2065,0.7,1.0,1.3,1.5,2.2,-5,3,5,6,15,
rcp60,South Asia, SAS, land,BS,2100,1.6,1.9,2.2,2.8,3.8,-8,8,11,14,25,
rcp60,South Australia/New Zealand, SAU, land,Annual,2035,0.5,0.6,0.7,0.8,1.0,-17,-3,-1,0,5,
rcp60,South Australia/New Zealand, SAU, land,Annual,2065,0.9,1.1,1.4,1.5,1.7,-24,-4,-1,3,4,
rcp60,South Australia/New Zealand, SAU, land,Annual,2100,1.5,1.9,2.3,2.5,2.9,-23,-5,-1,2,9,
rcp60,South Australia/New Zealand, SAU, land,BW,2035,0.5,0.6,0.7,0.9,1.4,-22,-5,-1,1,6,
rcp60,South Australia/New Zealand, SAU, land,BW,2065,0.8,1.3,1.4,1.6,2.1,-24,-6,-1,3,10,
rcp60,South Australia/New Zealand, SAU, land,BW,2100,1.6,1.9,2.3,2.9,3.7,-19,-5,-1,2,11,
rcp60,South Australia/New Zealand, SAU, land,BS,2035,0.4,0.5,0.7,0.7,0.9,-16,-4,-1,1,4,
rcp60,South Australia/New Zealand, SAU, land,BS,2065,0.6,1.0,1.2,1.4,1.6,-27,-6,-1,2,5,
rcp60,South Australia/New Zealand, SAU, land,BS,2100,1.3,1.7,2.1,2.3,2.8,-28,-9,-2,3,10,
rcp60,Southeast Asia (land), SEA, land,Annual,2035,0.4,0.5,0.6,0.7,1.0,-6,-1,0,2,4,
rcp60,Southeast Asia (land), SEA, land,Annual,2065,0.8,1.0,1.1,1.4,1.8,-5,-1,1,4,7,
rcp60,Southeast Asia (land), SEA, land,Annual,2100,1.5,1.7,1.9,2.5,3.2,-4,0,3,8,14,
rcp60,Southeast Asia (land), SEA, land,BW,2035,0.3,0.5,0.6,0.7,1.0,-8,-1,0,1,4,
rcp60,Southeast Asia (land), SEA, land,BW,2065,0.7,0.9,1.1,1.4,1.8,-6,-2,1,4,8,
rcp60,Southeast Asia (land), SEA, land,BW,2100,1.3,1.7,1.8,2.4,3.2,-9,0,4,8,14,
rcp60,Southeast Asia (land), SEA, land,BS,2035,0.4,0.5,0.6,0.7,1.1,-5,-2,0,2,5,
rcp60,Southeast Asia (land), SEA, land,BS,2065,0.7,1.0,1.2,1.4,2.0,-5,-2,0,4,6,
rcp60,Southeast Asia (land), SEA, land,BS,2100,1.5,1.8,1.9,2.4,3.4,-6,-1,4,8,13,
rcp60,Southeast Asia (sea), SEA, sea,Annual,2035,0.2,0.5,0.5,0.6,1.0,-3,0,1,2,3,
rcp60,Southeast Asia (sea), SEA, sea,Annual,2065,0.7,0.9,0.9,1.2,1.7,-2,-1,2,4,7,
rcp60,Southeast Asia (sea), SEA, sea,Annual,2100,1.4,1.5,1.6,2.1,2.8,-2,1,3,5,13,
rcp60,Southeast Asia (sea), SEA, sea,BW,2035,0.3,0.5,0.5,0.6,1.1,-3,-1,0,1,5,
rcp60,Southeast Asia (sea), SEA, sea,BW,2065,0.7,0.8,1.0,1.2,1.7,-5,-1,2,4,7,
rcp60,Southeast Asia (sea), SEA, sea,BW,2100,1.4,1.5,1.5,2.1,2.9,-5,0,3,6,14,
rcp60,Southeast Asia (sea), SEA, sea,BS,2035,0.2,0.5,0.5,0.6,1.0,-4,0,1,2,5,
rcp60,Southeast Asia (sea), SEA, sea,BS,2065,0.8,0.8,1.0,1.2,1.7,-4,0,2,4,9,
rcp60,Southeast Asia (sea), SEA, sea,BS,2100,1.4,1.5,1.6,2.1,2.9,-4,2,3,5,13,
rcp60,Southeastern South America, SSA, land,Annual,2035,0.3,0.5,0.6,0.7,1.0,-5,-1,1,3,8,
rcp60,Southeastern South America, SSA, land,Annual,2065,0.7,1.0,1.1,1.4,1.9,-7,0,3,6,11,
rcp60,Southeastern South America, SSA, land,Annual,2100,1.4,1.6,2.0,2.7,3.3,-12,-1,3,8,16,
rcp60,Southeastern South America, SSA, land,BW,2035,0.1,0.5,0.6,0.8,1.2,-6,-1,1,3,6,
rcp60,Southeastern South America, SSA, land,BW,2065,0.9,1.0,1.3,1.4,2.0,-4,1,3,6,9,
rcp60,Southeastern South America, SSA, land,BW,2100,1.4,1.9,2.1,2.7,3.5,-9,0,4,6,15,
rcp60,Southeastern South America, SSA, land,BS,2035,0.1,0.4,0.6,0.8,1.0,-12,-3,0,5,14,
rcp60,Southeastern South America, SSA, land,BS,2065,0.6,0.9,1.1,1.3,1.9,-16,-1,3,6,16,
rcp60,Southeastern South America, SSA, land,BS,2100,1.3,1.4,1.7,2.6,3.0,-24,-4,4,14,30,
rcp60,Southern Africa, SAF, land,Annual,2035,0.5,0.7,0.8,0.9,1.3,-10,-3,-1,1,8,
rcp60,Southern Africa, SAF, land,Annual,2065,1.2,1.4,1.7,1.9,2.3,-10,-7,-2,1,4,
rcp60,Southern Africa, SAF, land,Annual,2100,2.0,2.4,2.8,3.3,4.0,-18,-10,-3,-1,5,
rcp60,Southern Africa, SAF, land,BW,2035,0.5,0.7,0.8,1.0,1.5,-12,-4,-1,2,8,
rcp60,Southern Africa, SAF, land,BW,2065,1.0,1.3,1.6,2.0,2.2,-13,-7,-2,1,5,
rcp60,Southern Africa, SAF, land,BW,2100,1.9,2.2,2.8,3.3,4.0,-20,-9,-2,0,5,
rcp60,Southern Africa, SAF, land,BS,2035,0.4,0.7,0.8,0.9,1.3,-17,-4,-1,2,11,
rcp60,Southern Africa, SAF, land,BS,2065,1.1,1.4,1.6,1.8,2.3,-15,-10,-6,-1,2,
rcp60,Southern Africa, SAF, land,BS,2100,2.0,2.3,2.7,3.2,3.9,-33,-15,-8,-3,5,
rcp60,Southern Europe/Mediterranean, MED, land,Annual,2035,0.3,0.7,0.9,1.0,1.6,-8,-5,-2,0,5,
rcp60,Southern Europe/Mediterranean, MED, land,Annual,2065,0.8,1.5,1.6,1.9,2.6,-13,-9,-4,0,4,
rcp60,Southern Europe/Mediterranean, MED, land,Annual,2100,1.3,2.4,2.8,3.2,4.6,-21,-14,-9,-6,5,
rcp60,Southern Europe/Mediterranean, MED, land,BW,2035,-0.3,0.5,0.7,0.8,1.3,-11,-4,-3,2,4,
rcp60,Southern Europe/Mediterranean, MED, land,BW,2065,0.4,1.2,1.5,1.7,2.1,-15,-8,-2,0,8,
rcp60,Southern Europe/Mediterranean, MED, land,BW,2100,0.5,1.9,2.3,2.9,3.3,-23,-14,-5,-2,11,
rcp60,Southern Europe/Mediterranean, MED, land,BS,2035,0.4,0.8,1.1,1.3,2.3,-12,-6,-4,2,7,
rcp60,Southern Europe/Mediterranean, MED, land,BS,2065,1.0,1.6,2.0,2.2,3.6,-14,-10,-6,-3,9,
rcp60,Southern Europe/Mediterranean, MED, land,BS,2100,2.0,2.8,3.5,4.0,6.2,-30,-19,-15,-7,11,
rcp60,Southern Pacific, STP, all,Annual,2035,0.2,0.4,0.5,0.5,0.8,-8,0,1,2,4,
rcp60,Southern Pacific, STP, all,Annual,2065,0.7,0.8,0.8,1.1,1.5,-18,-1,2,3,5,
rcp60,Southern Pacific, STP, all,Annual,2100,1.1,1.3,1.5,1.8,2.4,-29,-2,2,4,9,
rcp60,Southern Pacific, STP, all,BW,2035,0.2,0.4,0.5,0.6,0.8,-7,-1,1,2,4,
rcp60,Southern Pacific, STP, all,BW,2065,0.6,0.8,0.9,1.1,1.5,-18,-2,2,3,5,
rcp60,Southern Pacific, STP, all,BW,2100,1.0,1.3,1.5,1.8,2.4,-32,-4,3,5,8,
rcp60,Southern Pacific, STP, all,BS,2035,0.2,0.4,0.5,0.6,0.9,-7,-1,1,3,7,
rcp60,Southern Pacific, STP, all,BS,2065,0.6,0.8,0.9,1.0,1.5,-15,-2,1,4,6,
rcp60,Southern Pacific, STP, all,BS,2100,1.1,1.3,1.5,1.8,2.5,-24,-2,0,4,9,
rcp60,Northern Tropical Pacific, NTP, all,Annual,2035,0.3,0.5,0.5,0.6,0.9,-4,-2,0,2,6,
rcp60,Northern Tropical Pacific, NTP, all,Annual,2065,0.7,0.9,1.0,1.2,1.7,-4,-1,1,3,6,
rcp60,Northern Tropical Pacific, NTP, all,Annual,2100,1.3,1.4,1.7,2.3,2.9,-9,0,2,5,9,
rcp60,Northern Tropical Pacific, NTP, all,BW,2035,0.3,0.4,0.5,0.6,0.9,-4,-1,0,2,7,
rcp60,Northern Tropical Pacific, NTP, all,BW,2065,0.7,0.8,1.0,1.2,1.6,-5,-1,2,4,7,
rcp60,Northern Tropical Pacific, NTP, all,BW,2100,1.2,1.5,1.7,2.2,2.8,-9,-1,2,6,13,
rcp60,Northern Tropical Pacific, NTP, all,BS,2035,0.3,0.4,0.5,0.6,1.0,-7,-2,1,3,6,
rcp60,Northern Tropical Pacific, NTP, all,BS,2065,0.7,0.9,0.9,1.2,1.8,-5,-1,1,4,6,
rcp60,Northern Tropical Pacific, NTP, all,BS,2100,1.3,1.4,1.6,2.3,3.0,-10,-2,2,6,12,
rcp60,Tibetan Plateau, TIB, land,Annual,2035,0.6,0.7,1.1,1.2,1.8,-1,2,4,6,13,
rcp60,Tibetan Plateau, TIB, land,Annual,2065,1.2,1.7,2.0,2.2,3.2,-2,5,6,10,20,
rcp60,Tibetan Plateau, TIB, land,Annual,2100,1.5,2.7,3.3,3.9,5.4,1,7,12,14,35,
rcp60,Tibetan Plateau, TIB, land,BW,2035,0.3,0.8,1.1,1.5,2.1,0,3,6,8,13,
rcp60,Tibetan Plateau, TIB, land,BW,2065,0.9,1.7,2.0,2.6,3.5,-1,6,8,12,17,
rcp60,Tibetan Plateau, TIB, land,BW,2100,1.7,2.9,3.4,4.3,5.8,1,7,12,18,30,
rcp60,Tibetan Plateau, TIB, land,BS,2035,0.4,0.8,0.9,1.1,2.3,-3,1,3,6,15,
rcp60,Tibetan Plateau, TIB, land,BS,2065,1.1,1.6,1.8,2.1,4.0,-4,3,6,9,23,
rcp60,Tibetan Plateau, TIB, land,BS,2100,1.7,2.7,3.2,3.9,6.2,-4,5,9,14,40,
rcp60,West Africa, WAF, land,Annual,2035,0.5,0.7,0.7,0.9,1.2,-6,0,2,3,4,
rcp60,West Africa, WAF, land,Annual,2065,1.1,1.3,1.4,1.6,2.4,-5,0,2,4,7,
rcp60,West Africa, WAF, land,Annual,2100,1.8,2.2,2.3,2.9,4.0,-5,2,4,5,12,
rcp60,West Africa, WAF, land,BW,2035,0.4,0.6,0.8,0.9,1.2,-5,0,2,3,6,
rcp60,West Africa, WAF, land,BW,2065,1.1,1.3,1.5,1.7,2.3,-7,-1,3,4,12,
rcp60,West Africa, WAF, land,BW,2100,1.7,2.2,2.5,3.0,4.1,-8,3,6,7,19,
rcp60,West Africa, WAF, land,BS,2035,0.5,0.6,0.7,0.9,1.3,-6,0,2,3,5,
rcp60,West Africa, WAF, land,BS,2065,1.0,1.2,1.4,1.6,2.4,-5,0,2,4,6,
rcp60,West Africa, WAF, land,BS,2100,1.9,2.1,2.3,3.0,3.9,-7,1,2,5,13,
rcp60,West Coast South America, WSA, land,Annual,2035,0.4,0.6,0.7,0.8,1.1,-4,-1,0,1,3,
rcp60,West Coast South America, WSA, land,Annual,2065,1.0,1.2,1.4,1.6,2.1,-8,-1,2,3,4,
rcp60,West Coast South America, WSA, land,Annual,2100,1.8,2.0,2.2,2.7,3.4,-11,-1,3,5,10,
rcp60,West Coast South America, WSA, land,BW,2035,0.3,0.6,0.7,0.8,1.0,-5,-1,1,2,3,
rcp60,West Coast South America, WSA, land,BW,2065,0.9,1.1,1.3,1.6,1.9,-6,-1,2,4,6,
rcp60,West Coast South America, WSA, land,BW,2100,1.7,2.0,2.2,2.7,3.2,-8,-1,3,6,12,
rcp60,West Coast South America, WSA, land,BS,2035,0.5,0.6,0.7,0.9,1.2,-8,-2,-1,0,7,
rcp60,West Coast South America, WSA, land,BS,2065,1.0,1.2,1.3,1.6,2.2,-10,-3,0,3,8,
rcp60,West Coast South America, WSA, land,BS,2100,1.8,2.0,2.1,2.8,3.5,-15,-4,1,5,12,
rcp60,West Indian Ocean, WIO, sea,Annual,2035,0.3,0.5,0.5,0.7,1.0,-2,0,2,3,7,
rcp60,West Indian Ocean, WIO, sea,Annual,2065,0.8,0.9,1.0,1.2,1.6,-2,1,3,5,14,
rcp60,West Indian Ocean, WIO, sea,Annual,2100,1.4,1.5,1.6,2.2,2.7,-4,0,3,8,18,
rcp60,West Indian Ocean, WIO, sea,BW,2035,0.3,0.5,0.5,0.7,0.9,-2,0,2,4,7,
rcp60,West Indian Ocean, WIO, sea,BW,2065,0.8,0.9,1.0,1.3,1.6,-5,1,3,6,14,
rcp60,West Indian Ocean, WIO, sea,BW,2100,1.4,1.5,1.6,2.3,2.7,-11,0,3,8,18,
rcp60,West Indian Ocean, WIO, sea,BS,2035,0.3,0.5,0.5,0.7,1.0,-4,0,4,5,9,
rcp60,West Indian Ocean, WIO, sea,BS,2065,0.7,0.9,1.0,1.2,1.7,-5,0,3,7,14,
rcp60,West Indian Ocean, WIO, sea,BS,2100,1.4,1.5,1.7,2.2,2.8,-7,0,4,9,17,
rcp60,West North America, WNA, land,Annual,2035,0.5,0.7,0.9,1.1,1.5,-2,0,1,2,6,
rcp60,West North America, WNA, land,Annual,2065,1.0,1.4,1.8,2.2,3.2,-2,1,2,4,7,
rcp60,West North America, WNA, land,Annual,2100,1.8,2.4,3.1,3.8,5.0,-1,2,6,8,12,
rcp60,West North America, WNA, land,BW,2035,0.0,0.6,1.0,1.2,2.0,-4,0,2,3,7,
rcp60,West North America, WNA, land,BW,2065,0.7,1.4,2.0,2.4,3.9,-1,2,3,6,10,
rcp60,West North America, WNA, land,BW,2100,1.5,2.4,3.2,3.9,6.1,1,6,7,10,16,
rcp60,West North America, WNA, land,BS,2035,0.3,0.8,1.0,1.1,1.9,-4,0,2,4,8,
rcp60,West North America, WNA, land,BS,2065,0.9,1.5,1.8,2.2,3.1,-5,-2,1,3,9,
rcp60,West North America, WNA, land,BS,2100,1.6,2.5,3.2,4.0,5.0,-6,0,3,5,10,
rcp85,Africa: Sahara, SAH, land,Annual,2035,0.5,1.0,1.1,1.3,1.7,-25,-3,5,13,28,
rcp85,Africa: Sahara, SAH, land,Annual,2065,1.8,2.4,2.7,3.2,3.7,-18,-8,4,13,84,
rcp85,Africa: Sahara, SAH, land,Annual,2100,3.8,4.3,4.6,6.1,6.5,-42,-15,-2,18,155,
rcp85,Africa: Sahara, SAH, land,BW,2035,0.2,0.9,1.1,1.2,1.6,-35,-13,-1,8,67,
rcp85,Africa: Sahara, SAH, land,BW,2065,1.3,2.2,2.5,2.9,3.2,-35,-15,-2,15,128,
rcp85,Africa: Sahara, SAH, land,BW,2100,3.2,3.8,4.4,5.3,6.4,-49,-26,-10,19,319,
rcp85,Africa: Sahara, SAH, land,BS,2035,0.4,1.0,1.2,1.4,2.0,-24,-3,6,19,34,
rcp85,Africa: Sahara, SAH, land,BS,2065,1.9,2.5,2.9,3.3,4.5,-23,-7,5,16,98,
rcp85,Africa: Sahara, SAH, land,BS,2100,3.4,4.6,5.0,6.5,7.8,-41,-14,9,25,147,
rcp85,Antarctica (land), ANT, land,Annual,2035,0.0,0.6,0.7,1.0,1.4,-3,1,5,7,9,
rcp85,Antarctica (land), ANT, land,Annual,2065,0.3,1.7,2.0,2.5,3.1,-2,7,10,15,18,
rcp85,Antarctica (land), ANT, land,Annual,2100,1.6,3.2,3.8,4.9,5.5,2,14,23,31,40,
rcp85,Antarctica (land), ANT, land,BW,2035,0.1,0.6,0.8,0.9,1.4,-5,0,3,5,10,
rcp85,Antarctica (land), ANT, land,BW,2065,0.4,1.7,1.9,2.3,3.1,-6,4,8,12,17,
rcp85,Antarctica (land), ANT, land,BW,2100,1.8,3.2,3.5,4.4,5.3,-2,10,18,24,41,
rcp85,Antarctica (land), ANT, land,BS,2035,-0.1,0.5,0.8,1.1,1.8,-1,2,5,7,11,
rcp85,Antarctica (land), ANT, land,BS,2065,0.2,1.7,2.2,2.6,3.3,1,8,12,17,24,
rcp85,Antarctica (land), ANT, land,BS,2100,1.4,3.4,4.0,4.9,6.0,7,17,27,36,44,
rcp85,Antarctica (sea), ANT, sea,Annual,2035,-0.4,0.3,0.5,0.8,1.5,1,2,3,4,6,
rcp85,Antarctica (sea), ANT, sea,Annual,2065,-0.4,0.9,1.2,1.8,3.0,3,4,7,9,12,
rcp85,Antarctica (sea), ANT, sea,Annual,2100,0.4,1.8,2.7,3.3,5.1,6,10,14,18,23,
rcp85,Antarctica (sea), ANT, sea,BW,2035,-0.3,0.2,0.3,0.6,0.8,1,2,3,3,5,
rcp85,Antarctica (sea), ANT, sea,BW,2065,-0.4,0.6,0.9,1.2,1.8,1,4,6,8,11,
rcp85,Antarctica (sea), ANT, sea,BW,2100,0.2,1.2,1.7,2.2,3.4,5,8,12,16,21,
rcp85,Antarctica (sea), ANT, sea,BS,2035,-0.6,0.4,0.6,1.1,2.2,1,2,3,4,6,
rcp85,Antarctica (sea), ANT, sea,BS,2065,-0.5,1.1,1.6,2.4,4.3,4,5,7,10,13,
rcp85,Antarctica (sea), ANT, sea,BS,2100,0.6,2.3,3.6,4.4,7.2,6,10,15,19,27,
rcp85,Arctic (land), ARC, land,Annual,2035,0.5,1.4,1.7,2.0,3.7,2,6,7,10,22,
rcp85,Arctic (land), ARC, land,Annual,2065,1.7,3.7,4.1,4.6,7.8,6,15,17,21,45,
rcp85,Arctic (land), ARC, land,Annual,2100,4.4,6.3,7.5,8.6,12.4,17,30,34,40,74,
rcp85,Arctic (land), ARC, land,BW,2035,0.7,1.7,2.1,2.5,4.3,0,8,10,14,19,
rcp85,Arctic (land), ARC, land,BW,2065,2.4,4.5,5.3,6.2,10.1,11,21,23,29,51,
rcp85,Arctic (land), ARC, land,BW,2100,5.3,8.6,9.6,12.4,16.8,27,40,47,64,93,
rcp85,Arctic (land), ARC, land,BS,2035,0.4,0.8,1.1,1.4,2.8,0,4,6,8,23,
rcp85,Arctic (land), ARC, land,BS,2065,1.1,2.0,2.6,3.3,5.9,3,11,13,18,41,
rcp85,Arctic (land), ARC, land,BS,2100,2.6,4.0,4.7,6.1,9.2,9,20,25,32,61,
rcp85,Arctic (sea), ARC, sea,Annual,2035,0.6,1.9,2.3,2.5,4.4,1,6,9,11,19,
rcp85,Arctic (sea), ARC, sea,Annual,2065,1.4,4.5,5.1,6.3,9.0,0,16,20,24,39,
rcp85,Arctic (sea), ARC, sea,Annual,2100,5.2,7.7,9.2,11.5,14.8,11,32,38,46,63,
rcp85,Arctic (sea), ARC, sea,BW,2035,0.7,2.4,3.1,3.5,6.3,-2,7,11,15,23,
rcp85,Arctic (sea), ARC, sea,BW,2065,2.0,6.3,7.4,8.7,14.2,2,21,27,32,47,
rcp85,Arctic (sea), ARC, sea,BW,2100,7.8,12.2,13.5,17.4,23.3,19,44,53,61,83,
rcp85,Arctic (sea), ARC, sea,BS,2035,0.2,0.5,0.7,0.9,1.7,-2,5,6,8,15,
rcp85,Arctic (sea), ARC, sea,BS,2065,0.4,1.4,1.6,2.1,3.8,-2,12,16,18,30,
rcp85,Arctic (sea), ARC, sea,BS,2100,1.3,2.6,3.3,4.8,8.1,0,23,27,34,45,
rcp85,West Asia, WAS, land,Annual,2035,0.5,1.0,1.1,1.4,2.0,-8,-2,3,7,22,
rcp85,West Asia, WAS, land,Annual,2065,1.6,2.5,2.8,3.4,4.1,-14,-5,0,6,24,
rcp85,West Asia, WAS, land,Annual,2100,3.7,4.5,5.0,6.2,6.9,-21,-7,-1,8,40,
rcp85,West Asia, WAS, land,BW,2035,0.5,0.8,1.2,1.4,1.9,-10,-2,4,6,19,
rcp85,West Asia, WAS, land,BW,2065,1.1,2.2,2.6,3.2,4.1,-14,0,3,6,36,
rcp85,West Asia, WAS, land,BW,2100,3.1,4.0,4.6,5.6,6.8,-17,-2,4,9,45,
rcp85,West Asia, WAS, land,BS,2035,0.5,1.0,1.2,1.4,2.4,-10,-4,1,7,24,
rcp85,West Asia, WAS, land,BS,2065,1.8,2.6,3.1,3.6,4.8,-23,-7,-4,5,52,
rcp85,West Asia, WAS, land,BS,2100,3.8,4.6,5.3,6.6,8.2,-38,-15,-8,11,84,
rcp85,Australia/North Australia, NAU, land,Annual,2035,0.5,0.8,1.0,1.1,1.6,-17,-6,-1,2,8,
rcp85,Australia/North Australia, NAU, land,Annual,2065,1.6,1.8,2.2,2.7,3.4,-26,-11,-3,4,12,
rcp85,Australia/North Australia, NAU, land,Annual,2100,2.4,3.6,4.3,5.1,5.8,-51,-14,-4,5,33,
rcp85,Australia/North Australia, NAU, land,BW,2035,0.3,0.7,0.9,1.2,1.8,-20,-7,-1,3,14,
rcp85,Australia/North Australia, NAU, land,BW,2065,1.4,1.8,2.2,2.8,3.6,-27,-8,-2,7,15,
rcp85,Australia/North Australia, NAU, land,BW,2100,1.9,3.3,3.9,4.9,5.9,-50,-13,-2,8,33,
rcp85,Australia/North Australia, NAU, land,BS,2035,0.5,0.8,1.0,1.1,1.5,-43,-13,-4,-1,23,
rcp85,Australia/North Australia, NAU, land,BS,2065,1.6,1.9,2.2,2.5,3.0,-46,-19,-6,2,16,
rcp85,Australia/North Australia, NAU, land,BS,2100,2.5,3.6,4.4,4.8,5.5,-66,-27,-15,-1,48,
rcp85,Caribbean (land and sea), CAR, all,Annual,2035,0.4,0.6,0.7,0.9,1.1,-14,-5,-2,-1,11,
rcp85,Caribbean (land and sea), CAR, all,Annual,2065,1.1,1.4,1.6,1.9,2.5,-19,-14,-8,-2,10,
rcp85,Caribbean (land and sea), CAR, all,Annual,2100,2.1,2.5,3.0,3.6,4.1,-50,-23,-16,-7,9,
rcp85,Caribbean (land and sea), CAR, all,BW,2035,0.3,0.6,0.7,0.9,1.1,-11,-3,0,5,7,
rcp85,Caribbean (land and sea), CAR, all,BW,2065,1.0,1.4,1.6,1.9,2.4,-13,-5,-1,3,10,
rcp85,Caribbean (land and sea), CAR, all,BW,2100,2.0,2.5,3.0,3.6,4.0,-39,-13,-5,3,19,
rcp85,Caribbean (land and sea), CAR, all,BS,2035,0.3,0.6,0.7,0.8,1.2,-17,-9,-6,-2,16,
rcp85,Caribbean (land and sea), CAR, all,BS,2065,1.2,1.4,1.6,1.9,2.5,-34,-24,-12,-5,13,
rcp85,Caribbean (land and sea), CAR, all,BS,2100,2.2,2.4,2.9,3.4,4.2,-60,-39,-24,-17,2,
rcp85,Central America, CAM, land,Annual,2035,0.5,0.8,0.9,1.1,1.4,-11,-3,-1,3,6,
rcp85,Central America, CAM, land,Annual,2065,1.5,1.9,2.1,2.6,3.0,-14,-7,-5,1,7,
rcp85,Central America, CAM, land,Annual,2100,2.9,3.5,3.9,4.9,5.5,-26,-12,-8,0,11,
rcp85,Central America, CAM, land,BW,2035,0.5,0.7,0.9,1.0,1.3,-12,-4,0,3,13,
rcp85,Central America, CAM, land,BW,2065,1.4,1.9,2.1,2.4,2.9,-17,-6,-2,1,12,
rcp85,Central America, CAM, land,BW,2100,2.3,3.3,3.9,4.6,5.3,-27,-11,-5,4,13,
rcp85,Central America, CAM, land,BS,2035,0.6,0.8,0.9,1.1,1.5,-14,-4,-1,3,9,
rcp85,Central America, CAM, land,BS,2065,1.6,2.0,2.3,2.6,3.2,-14,-7,-5,0,11,
rcp85,Central America, CAM, land,BS,2100,2.9,3.6,4.2,5.1,6.0,-27,-14,-11,-1,16,
rcp85,Central Asia, CAS, land,Annual,2035,0.4,1.0,1.3,1.5,2.1,-9,-2,3,9,16,
rcp85,Central Asia, CAS, land,Annual,2065,1.7,2.5,3.1,3.4,4.4,-14,-3,4,8,21,
rcp85,Central Asia, CAS, land,Annual,2100,3.7,4.6,5.3,6.3,7.6,-20,-6,2,11,35,
rcp85,Central Asia, CAS, land,BW,2035,0.4,0.9,1.3,1.6,2.6,-11,0,3,7,17,
rcp85,Central Asia, CAS, land,BW,2065,0.8,2.4,3.0,3.6,5.6,-13,-3,3,13,31,
rcp85,Central Asia, CAS, land,BW,2100,3.5,4.3,5.3,6.3,8.0,-20,-5,7,14,41,
rcp85,Central Asia, CAS, land,BS,2035,0.5,1.0,1.3,1.6,2.4,-15,-1,4,9,24,
rcp85,Central Asia, CAS, land,BS,2065,1.9,2.4,3.0,3.7,5.1,-27,-5,1,8,18,
rcp85,Central Asia, CAS, land,BS,2100,3.2,4.5,5.7,6.5,8.6,-30,-7,1,6,26,
rcp85,Central Europe, CEU, land,Annual,2035,0.5,0.9,1.1,1.6,2.5,-4,0,3,5,11,
rcp85,Central Europe, CEU, land,Annual,2065,1.0,2.2,2.7,3.3,4.6,-5,0,3,6,10,
rcp85,Central Europe, CEU, land,Annual,2100,3.1,4.0,4.8,5.8,7.1,-8,-3,0,7,14,
rcp85,Central Europe, CEU, land,BW,2035,-0.3,0.6,1.0,1.8,3.3,-7,1,4,6,15,
rcp85,Central Europe, CEU, land,BW,2065,1.2,2.1,2.6,3.8,5.8,1,4,7,11,19,
rcp85,Central Europe, CEU, land,BW,2100,3.4,4.2,4.9,5.9,8.2,-4,7,11,18,29,
rcp85,Central Europe, CEU, land,BS,2035,0.4,1.0,1.3,1.6,2.8,-8,-2,1,5,8,
rcp85,Central Europe, CEU, land,BS,2065,1.3,2.3,2.7,3.6,5.5,-18,-6,-2,4,10,
rcp85,Central Europe, CEU, land,BS,2100,2.8,4.3,5.3,6.6,8.5,-28,-16,-8,-2,11,
rcp85,Central North America, CNA, land,Annual,2035,0.6,1.0,1.2,1.5,2.0,-5,-1,2,4,10,
rcp85,Central North America, CNA, land,Annual,2065,1.7,2.4,2.8,3.3,4.2,-10,1,4,7,15,
rcp85,Central North America, CNA, land,Annual,2100,3.4,4.4,5.1,5.7,7.4,-14,0,7,9,16,
rcp85,Central North America, CNA, land,BW,2035,0.0,1.0,1.2,1.7,2.3,-6,-2,2,6,11,
rcp85,Central North America, CNA, land,BW,2065,1.1,2.2,2.7,3.6,4.8,-12,1,7,10,17,
rcp85,Central North America, CNA, land,BW,2100,2.9,4.1,5.0,5.9,7.7,-18,4,11,17,28,
rcp85,Central North America, CNA, land,BS,2035,0.5,1.1,1.2,1.4,2.3,-9,-2,1,3,9,
rcp85,Central North America, CNA, land,BS,2065,1.7,2.3,2.9,3.4,4.6,-19,-1,3,6,13,
rcp85,Central North America, CNA, land,BS,2100,3.6,4.6,5.4,6.2,8.0,-19,-4,3,7,16,
rcp85,East Africa, EAF, land,Annual,2035,0.6,0.7,0.9,1.1,1.5,-6,-2,0,3,9,
rcp85,East Africa, EAF, land,Annual,2065,1.6,1.9,2.2,2.7,3.2,-9,-1,4,7,20,
rcp85,East Africa, EAF, land,Annual,2100,2.4,3.5,4.0,5.0,5.6,-11,0,11,16,34,
rcp85,East Africa, EAF, land,BW,2035,0.6,0.8,0.9,1.1,1.6,-5,-1,2,6,10,
rcp85,East Africa, EAF, land,BW,2065,1.3,1.8,2.2,2.5,3.2,-8,1,6,12,23,
rcp85,East Africa, EAF, land,BW,2100,2.8,3.4,3.9,4.6,5.6,-11,6,15,22,35,
rcp85,East Africa, EAF, land,BS,2035,0.6,0.8,0.9,1.2,1.5,-8,-4,-1,3,11,
rcp85,East Africa, EAF, land,BS,2065,1.3,2.0,2.1,2.8,3.2,-12,-6,0,5,21,
rcp85,East Africa, EAF, land,BS,2100,1.8,3.5,4.1,5.2,5.6,-15,-5,4,13,33,
rcp85,Eastern Asia, EAS, land,Annual,2035,0.5,0.9,1.1,1.3,1.9,-2,0,1,3,5,
rcp85,Eastern Asia, EAS, land,Annual,2065,1.6,2.2,2.7,3.1,4.2,-1,4,6,9,14,
rcp85,Eastern Asia, EAS, land,Annual,2100,3.3,4.0,4.9,5.6,7.2,-3,7,10,16,22,
rcp85,Eastern Asia, EAS, land,BW,2035,0.1,0.9,1.2,1.5,2.4,-7,-1,1,3,14,
rcp85,Eastern Asia, EAS, land,BW,2065,1.3,2.3,2.9,3.3,4.7,-10,3,6,9,23,
rcp85,Eastern Asia, EAS, land,BW,2100,3.5,4.2,5.4,6.1,7.5,-15,9,13,19,32,
rcp85,Eastern Asia, EAS, land,BS,2035,0.5,0.9,1.0,1.2,1.9,-4,0,1,3,5,
rcp85,Eastern Asia, EAS, land,BS,2065,1.4,2.1,2.6,3.1,3.9,-3,3,6,9,15,
rcp85,Eastern Asia, EAS, land,BS,2100,2.8,3.8,4.8,5.7,6.8,1,7,9,15,28,
rcp85,Eastern North America, ENA, land,Annual,2035,0.4,0.9,1.2,1.4,2.1,-3,1,4,5,7,
rcp85,Eastern North America, ENA, land,Annual,2065,1.7,2.5,2.8,3.3,4.5,1,4,7,10,14,
rcp85,Eastern North America, ENA, land,Annual,2100,3.5,4.3,5.1,6.0,7.6,0,6,11,15,22,
rcp85,Eastern North America, ENA, land,BW,2035,0.0,0.9,1.4,1.6,2.7,-3,1,4,6,11,
rcp85,Eastern North America, ENA, land,BW,2065,1.8,2.4,3.0,3.7,5.1,-1,6,9,15,20,
rcp85,Eastern North America, ENA, land,BW,2100,3.2,4.6,5.5,6.4,8.6,-2,12,17,24,32,
rcp85,Eastern North America, ENA, land,BS,2035,0.4,0.9,1.1,1.4,2.3,-7,1,3,5,10,
rcp85,Eastern North America, ENA, land,BS,2065,1.4,2.4,2.8,3.3,4.8,-8,2,5,7,12,
rcp85,Eastern North America, ENA, land,BS,2100,2.8,4.2,5.1,5.9,8.3,-11,1,7,9,25,
rcp85,Equatorial Pacific, ETP, all,Annual,2035,0.4,0.5,0.7,0.8,1.1,-5,5,9,15,62,
rcp85,Equatorial Pacific, ETP, all,Annual,2065,1.0,1.4,1.6,2.0,2.6,-8,14,19,30,184,
rcp85,Equatorial Pacific, ETP, all,Annual,2100,1.0,2.6,3.1,3.7,5.1,-42,24,33,54,537,
rcp85,Equatorial Pacific, ETP, all,BW,2035,0.4,0.6,0.7,0.9,1.1,-12,-1,9,16,77,
rcp85,Equatorial Pacific, ETP, all,BW,2065,1.0,1.4,1.7,2.0,2.9,-11,4,15,21,257,
rcp85,Equatorial Pacific, ETP, all,BW,2100,1.0,2.6,3.1,3.7,5.6,-43,10,28,38,635,
rcp85,Equatorial Pacific, ETP, all,BS,2035,0.4,0.6,0.7,0.9,1.3,-2,7,12,21,45,
rcp85,Equatorial Pacific, ETP, all,BS,2065,0.9,1.5,1.6,2.0,2.9,-5,17,23,39,102,
rcp85,Equatorial Pacific, ETP, all,BS,2100,1.1,2.5,3.1,3.7,5.0,-39,28,48,63,407,
rcp85,Northern Europe, NEU, land,Annual,2035,0.3,0.9,1.2,1.8,2.7,-3,3,4,6,12,
rcp85,Northern Europe, NEU, land,Annual,2065,-0.4,2.4,2.9,3.5,4.7,-2,6,8,11,23,
rcp85,Northern Europe, NEU, land,Annual,2100,1.9,4.3,5.0,6.3,7.7,-2,12,14,18,34,
rcp85,Northern Europe, NEU, land,BW,2035,-0.1,1.1,1.5,2.4,3.5,-3,3,5,7,16,
rcp85,Northern Europe, NEU, land,BW,2065,-0.6,2.9,3.4,4.7,6.8,2,8,11,15,26,
rcp85,Northern Europe, NEU, land,BW,2100,2.6,5.3,6.1,7.5,10.4,8,15,20,29,42,
rcp85,Northern Europe, NEU, land,BS,2035,0.3,0.8,1.1,1.5,2.8,-4,1,4,7,9,
rcp85,Northern Europe, NEU, land,BS,2065,0.1,1.9,2.5,3.2,4.9,-8,1,4,10,19,
rcp85,Northern Europe, NEU, land,BS,2100,2.1,3.5,4.5,5.8,7.6,-17,2,8,12,26,
rcp85,High-latitudes: Canada/Greenland/Iceland, CGI, land,Annual,2035,0.6,1.3,1.5,1.7,2.9,1,4,5,6,10,
rcp85,High-latitudes: Canada/Greenland/Iceland, CGI, land,Annual,2065,1.8,3.2,3.6,4.2,6.3,4,10,12,16,22,
rcp85,High-latitudes: Canada/Greenland/Iceland, CGI, land,Annual,2100,4.2,5.6,6.4,7.9,10.5,11,19,22,28,40,
rcp85,High-latitudes: Canada/Greenland/Iceland, CGI, land,BW,2035,0.6,1.5,2.0,2.2,3.4,1,4,6,8,13,
rcp85,High-latitudes: Canada/Greenland/Iceland, CGI, land,BW,2065,2.6,4.2,4.8,5.9,7.9,3,12,15,21,29,
rcp85,High-latitudes: Canada/Greenland/Iceland, CGI, land,BW,2100,4.6,7.2,8.7,10.8,13.3,13,25,29,41,55,
rcp85,High-latitudes: Canada/Greenland/Iceland, CGI, land,BS,2035,0.5,0.9,1.1,1.3,2.7,0,3,4,6,11,
rcp85,High-latitudes: Canada/Greenland/Iceland, CGI, land,BS,2065,1.2,2.3,2.6,3.1,5.6,5,7,9,12,21,
rcp85,High-latitudes: Canada/Greenland/Iceland, CGI, land,BS,2100,2.2,4.1,4.6,5.9,9.0,7,14,16,21,35,
rcp85,Alaska/NW Canada, ALA, land,Annual,2035,0.4,1.3,1.7,2.3,3.0,-2,4,5,8,16,
rcp85,Alaska/NW Canada, ALA, land,Annual,2065,2.3,3.3,3.7,4.6,6.1,7,10,14,18,32,
rcp85,Alaska/NW Canada, ALA, land,Annual,2100,4.1,5.6,6.9,8.5,10.5,11,23,26,32,51,
rcp85,Alaska/NW Canada, ALA, land,BW,2035,-0.8,1.6,2.1,3.2,4.8,-5,4,6,11,17,
rcp85,Alaska/NW Canada, ALA, land,BW,2065,2.9,4.5,5.1,6.3,8.8,2,10,17,21,37,
rcp85,Alaska/NW Canada, ALA, land,BW,2100,5.3,7.7,9.3,11.8,14.8,12,22,33,43,73,
rcp85,Alaska/NW Canada, ALA, land,BS,2035,0.2,0.8,1.2,1.5,2.6,-1,3,6,7,16,
rcp85,Alaska/NW Canada, ALA, land,BS,2065,0.9,2.0,2.7,3.4,5.4,4,10,13,14,32,
rcp85,Alaska/NW Canada, ALA, land,BS,2100,2.3,3.8,4.9,6.0,8.3,10,17,23,27,47,
rcp85,North Asia, NAS, land,Annual,2035,0.6,1.2,1.5,2.0,3.3,1,5,5,8,17,
rcp85,North Asia, NAS, land,Annual,2065,1.9,2.8,3.6,4.2,6.1,6,9,12,15,32,
rcp85,North Asia, NAS, land,Annual,2100,3.9,5.2,6.5,7.6,9.8,11,19,22,26,50,
rcp85,North Asia, NAS, land,BW,2035,0.6,1.3,1.9,2.2,4.0,1,6,8,11,23,
rcp85,North Asia, NAS, land,BW,2065,2.4,3.5,4.1,5.2,7.9,8,14,19,24,45,
rcp85,North Asia, NAS, land,BW,2100,4.7,6.9,7.9,9.6,12.4,18,28,33,46,74,
rcp85,North Asia, NAS, land,BS,2035,0.4,0.9,1.2,1.5,2.9,-1,3,5,6,14,
rcp85,North Asia, NAS, land,BS,2065,1.3,2.0,2.9,3.8,5.3,1,6,9,12,26,
rcp85,North Asia, NAS, land,BS,2100,2.6,4.1,5.1,7.0,8.3,0,9,14,19,37,
rcp85,North Indian Ocean, SAS, sea,Annual,2035,0.3,0.6,0.7,0.8,1.0,-4,2,3,5,16,
rcp85,North Indian Ocean, SAS, sea,Annual,2065,1.0,1.5,1.6,2.0,2.4,-5,3,7,14,29,
rcp85,North Indian Ocean, SAS, sea,Annual,2100,2.1,2.7,3.0,3.8,4.3,-9,8,18,23,56,
rcp85,North Indian Ocean, SAS, sea,BW,2035,0.3,0.6,0.7,0.8,1.0,-10,0,5,8,22,
rcp85,North Indian Ocean, SAS, sea,BW,2065,0.9,1.5,1.6,2.0,2.5,-18,3,13,21,44,
rcp85,North Indian Ocean, SAS, sea,BW,2100,2.1,2.7,3.0,3.9,4.5,-7,9,19,34,65,
rcp85,North Indian Ocean, SAS, sea,BS,2035,0.3,0.6,0.7,0.8,1.1,-10,0,3,5,10,
rcp85,North Indian Ocean, SAS, sea,BS,2065,1.0,1.5,1.6,2.0,2.4,-7,3,6,11,29,
rcp85,North Indian Ocean, SAS, sea,BS,2100,1.9,2.7,3.0,3.6,4.3,-14,7,14,20,52,
rcp85,Northeast Brazil, NEB, land,Annual,2035,0.5,0.8,1.0,1.1,1.5,-14,-6,0,2,7,
rcp85,Northeast Brazil, NEB, land,Annual,2065,1.3,1.9,2.2,2.6,3.1,-16,-10,-2,1,38,
rcp85,Northeast Brazil, NEB, land,Annual,2100,2.5,3.5,4.1,4.8,5.6,-31,-14,-6,6,45,
rcp85,Northeast Brazil, NEB, land,BW,2035,0.5,0.7,0.9,1.1,1.5,-13,-6,-1,3,9,
rcp85,Northeast Brazil, NEB, land,BW,2065,1.2,1.8,2.1,2.4,3.2,-16,-9,0,4,39,
rcp85,Northeast Brazil, NEB, land,BW,2100,2.1,3.4,3.8,4.6,5.6,-29,-11,-4,5,48,
rcp85,Northeast Brazil, NEB, land,BS,2035,0.4,0.7,0.9,1.1,1.3,-22,-10,-4,1,17,
rcp85,Northeast Brazil, NEB, land,BS,2065,1.2,1.8,2.2,2.5,3.1,-24,-13,-8,-3,32,
rcp85,Northeast Brazil, NEB, land,BS,2100,2.6,3.6,4.1,4.8,5.7,-41,-25,-18,-5,37,
rcp85,South America: Amazon, AMZ, land,Annual,2035,0.5,0.8,1.1,1.2,1.9,-12,-3,-1,1,4,
rcp85,South America: Amazon, AMZ, land,Annual,2065,1.4,2.0,2.5,2.8,4.1,-23,-5,-1,2,8,
rcp85,South America: Amazon, AMZ, land,Annual,2100,2.4,3.7,4.3,5.7,7.0,-33,-11,-2,1,14,
rcp85,South America: Amazon, AMZ, land,BW,2035,0.5,0.8,0.9,1.1,1.8,-12,-4,-1,1,5,
rcp85,South America: Amazon, AMZ, land,BW,2065,1.3,1.9,2.3,2.8,3.9,-20,-6,-1,2,7,
rcp85,South America: Amazon, AMZ, land,BW,2100,1.9,3.5,4.3,5.3,6.3,-26,-11,-3,3,16,
rcp85,South America: Amazon, AMZ, land,BS,2035,0.5,0.8,1.0,1.2,2.1,-17,-3,-1,1,6,
rcp85,South America: Amazon, AMZ, land,BS,2065,1.5,2.1,2.6,2.9,4.2,-28,-6,-2,2,13,
rcp85,South America: Amazon, AMZ, land,BS,2100,3.0,3.8,4.7,5.7,7.6,-44,-11,-5,1,12,
rcp85,South Asia, SAS, land,Annual,2035,0.4,0.8,0.9,1.0,1.4,-2,1,3,5,11,
rcp85,South Asia, SAS, land,Annual,2065,1.5,2.0,2.2,2.6,3.1,0,6,8,11,17,
rcp85,South Asia, SAS, land,Annual,2100,3.1,3.7,4.1,5.2,6.0,-7,11,18,21,45,
rcp85,South Asia, SAS, land,BW,2035,0.3,0.8,1.0,1.2,1.6,-13,-2,1,6,20,
rcp85,South Asia, SAS, land,BW,2065,1.5,2.2,2.6,3.0,3.7,-16,-4,4,10,23,
rcp85,South Asia, SAS, land,BW,2100,3.5,4.1,4.6,5.7,7.1,-17,-1,12,21,42,
rcp85,South Asia, SAS, land,BS,2035,0.3,0.6,0.8,1.0,1.3,-3,1,3,5,16,
rcp85,South Asia, SAS, land,BS,2065,1.2,1.7,2.0,2.3,3.3,-1,7,10,13,27,
rcp85,South Asia, SAS, land,BS,2100,1.3,3.0,3.7,4.6,5.6,-9,13,17,23,57,
rcp85,South Australia/New Zealand, SAU, land,Annual,2035,0.4,0.7,0.8,0.9,1.1,-17,-5,-1,1,6,
rcp85,South Australia/New Zealand, SAU, land,Annual,2065,1.4,1.6,1.9,2.2,2.5,-22,-6,-1,2,6,
rcp85,South Australia/New Zealand, SAU, land,Annual,2100,2.6,3.0,3.9,4.1,5.0,-33,-11,-3,2,15,
rcp85,South Australia/New Zealand, SAU, land,BW,2035,0.2,0.7,0.9,1.1,1.5,-17,-5,-1,3,7,
rcp85,South Australia/New Zealand, SAU, land,BW,2065,1.3,1.7,2.1,2.3,3.0,-24,-5,0,4,8,
rcp85,South Australia/New Zealand, SAU, land,BW,2100,2.6,3.0,3.8,4.3,5.9,-30,-8,-1,3,21,
rcp85,South Australia/New Zealand, SAU, land,BS,2035,0.3,0.6,0.7,0.9,1.1,-19,-4,-2,1,4,
rcp85,South Australia/New Zealand, SAU, land,BS,2065,1.2,1.5,1.7,1.9,2.1,-25,-9,-2,2,8,
rcp85,South Australia/New Zealand, SAU, land,BS,2100,2.2,2.8,3.4,3.8,4.3,-39,-18,-7,4,10,
rcp85,Southeast Asia (land), SEA, land,Annual,2035,0.3,0.6,0.8,0.9,1.2,-4,0,1,3,8,
rcp85,Southeast Asia (land), SEA, land,Annual,2065,1.1,1.6,1.7,2.2,2.7,-3,0,5,10,17,
rcp85,Southeast Asia (land), SEA, land,Annual,2100,2.1,3.0,3.2,4.4,4.9,-7,0,8,19,29,
rcp85,Southeast Asia (land), SEA, land,BW,2035,0.3,0.6,0.7,0.9,1.2,-6,0,2,4,10,
rcp85,Southeast Asia (land), SEA, land,BW,2065,1.1,1.5,1.8,2.2,2.7,-3,1,5,10,19,
rcp85,Southeast Asia (land), SEA, land,BW,2100,2.1,2.9,3.2,4.2,4.9,-8,2,8,19,31,
rcp85,Southeast Asia (land), SEA, land,BS,2035,0.4,0.6,0.7,0.9,1.3,-4,-1,0,2,7,
rcp85,Southeast Asia (land), SEA, land,BS,2065,1.1,1.6,1.8,2.1,2.8,-5,0,5,9,17,
rcp85,Southeast Asia (land), SEA, land,BS,2100,2.1,2.9,3.3,4.2,5.1,-8,-1,7,16,30,
rcp85,Southeast Asia (sea), SEA, sea,Annual,2035,0.3,0.6,0.7,0.7,1.1,-1,0,1,3,5,
rcp85,Southeast Asia (sea), SEA, sea,Annual,2065,1.0,1.4,1.5,1.9,2.4,-1,1,4,6,10,
rcp85,Southeast Asia (sea), SEA, sea,Annual,2100,2.1,2.6,2.8,3.5,4.2,-3,2,6,9,20,
rcp85,Southeast Asia (sea), SEA, sea,BW,2035,0.2,0.6,0.6,0.7,1.1,-5,-1,1,3,7,
rcp85,Southeast Asia (sea), SEA, sea,BW,2065,1.0,1.4,1.6,1.9,2.5,-4,0,3,5,12,
rcp85,Southeast Asia (sea), SEA, sea,BW,2100,2.1,2.5,2.7,3.4,4.3,-12,-1,6,11,21,
rcp85,Southeast Asia (sea), SEA, sea,BS,2035,0.3,0.6,0.6,0.7,1.1,-4,0,1,3,5,
rcp85,Southeast Asia (sea), SEA, sea,BS,2065,1.1,1.4,1.5,1.8,2.4,-3,2,4,7,12,
rcp85,Southeast Asia (sea), SEA, sea,BS,2100,2.1,2.6,2.8,3.4,4.2,-6,2,6,10,22,
rcp85,Southeastern South America, SSA, land,Annual,2035,0.2,0.6,0.8,0.9,1.4,-6,0,1,3,14,
rcp85,Southeastern South America, SSA, land,Annual,2065,1.1,1.7,1.9,2.2,3.1,-11,-1,3,8,18,
rcp85,Southeastern South America, SSA, land,Annual,2100,1.9,3.0,3.6,4.2,5.3,-11,1,7,14,27,
rcp85,Southeastern South America, SSA, land,BW,2035,0.1,0.6,0.8,1.0,1.5,-4,-1,2,4,13,
rcp85,Southeastern South America, SSA, land,BW,2065,1.0,1.7,1.9,2.2,3.5,-7,-1,3,7,14,
rcp85,Southeastern South America, SSA, land,BW,2100,1.9,3.0,3.8,4.4,6.2,-10,1,6,11,24,
rcp85,Southeastern South America, SSA, land,BS,2035,0.2,0.5,0.7,0.9,1.2,-12,-1,1,4,22,
rcp85,Southeastern South America, SSA, land,BS,2065,0.9,1.5,1.8,2.1,2.7,-21,-2,4,8,27,
rcp85,Southeastern South America, SSA, land,BS,2100,1.9,2.8,3.4,3.9,4.6,-24,-3,7,21,41,
rcp85,Southern Africa, SAF, land,Annual,2035,0.6,0.9,1.1,1.2,1.6,-11,-4,-2,0,2,
rcp85,Southern Africa, SAF, land,Annual,2065,1.7,2.2,2.5,2.9,3.4,-19,-9,-5,-2,5,
rcp85,Southern Africa, SAF, land,Annual,2100,3.3,4.1,4.5,5.5,6.3,-24,-14,-9,-5,3,
rcp85,Southern Africa, SAF, land,BW,2035,0.5,0.8,1.0,1.2,1.5,-10,-4,-2,0,5,
rcp85,Southern Africa, SAF, land,BW,2065,1.5,2.0,2.5,2.8,3.3,-19,-8,-4,-1,5,
rcp85,Southern Africa, SAF, land,BW,2100,3.1,3.8,4.4,5.2,6.2,-26,-12,-5,-3,2,
rcp85,Southern Africa, SAF, land,BS,2035,0.5,0.8,1.0,1.1,1.6,-19,-9,-4,-1,5,
rcp85,Southern Africa, SAF, land,BS,2065,1.9,2.1,2.4,2.7,3.3,-31,-18,-11,-6,6,
rcp85,Southern Africa, SAF, land,BS,2100,3.3,4.0,4.5,5.2,6.1,-48,-27,-18,-13,1,
rcp85,Southern Europe/Mediterranean, MED, land,Annual,2035,0.4,1.0,1.1,1.3,2.0,-8,-4,-2,0,5,
rcp85,Southern Europe/Mediterranean, MED, land,Annual,2065,1.6,2.3,2.5,3.0,4.1,-23,-11,-7,-5,1,
rcp85,Southern Europe/Mediterranean, MED, land,Annual,2100,3.3,4.1,4.5,5.6,6.9,-35,-23,-19,-13,-2,
rcp85,Southern Europe/Mediterranean, MED, land,BW,2035,0.0,0.6,0.9,1.1,1.7,-10,-4,-1,1,8,
rcp85,Southern Europe/Mediterranean, MED, land,BW,2065,0.7,1.8,2.2,2.7,3.1,-24,-9,-4,-2,6,
rcp85,Southern Europe/Mediterranean, MED, land,BW,2100,2.4,3.3,3.8,4.6,5.7,-35,-18,-12,-7,0,
rcp85,Southern Europe/Mediterranean, MED, land,BS,2035,0.6,1.1,1.4,1.6,2.7,-15,-7,-3,1,8,
rcp85,Southern Europe/Mediterranean, MED, land,BS,2065,2.1,2.6,3.3,3.7,5.6,-31,-18,-12,-7,9,
rcp85,Southern Europe/Mediterranean, MED, land,BS,2100,3.9,4.9,6.0,6.8,9.3,-58,-35,-24,-17,-4,
rcp85,Southern Pacific, STP, all,Annual,2035,0.3,0.5,0.6,0.7,0.9,-10,0,1,2,5,
rcp85,Southern Pacific, STP, all,Annual,2065,1.0,1.2,1.4,1.6,2.1,-24,0,1,4,9,
rcp85,Southern Pacific, STP, all,Annual,2100,2.0,2.3,2.6,3.1,4.0,-24,0,3,6,15,
rcp85,Southern Pacific, STP, all,BW,2035,0.3,0.5,0.6,0.7,0.9,-10,-1,1,3,8,
rcp85,Southern Pacific, STP, all,BW,2065,1.0,1.2,1.4,1.6,2.1,-27,-1,3,5,11,
rcp85,Southern Pacific, STP, all,BW,2100,1.8,2.2,2.6,3.2,3.9,-30,0,5,8,17,
rcp85,Southern Pacific, STP, all,BS,2035,0.3,0.5,0.6,0.6,0.9,-10,-1,1,2,5,
rcp85,Southern Pacific, STP, all,BS,2065,1.1,1.2,1.4,1.6,2.1,-19,-2,0,5,8,
rcp85,Southern Pacific, STP, all,BS,2100,2.0,2.2,2.6,3.0,4.0,-21,-3,2,5,16,
rcp85,Northern Tropical Pacific, NTP, all,Annual,2035,0.3,0.6,0.7,0.8,1.1,-4,0,1,3,14,
rcp85,Northern Tropical Pacific, NTP, all,Annual,2065,1.0,1.4,1.6,2.0,2.4,-6,0,2,6,19,
rcp85,Northern Tropical Pacific, NTP, all,Annual,2100,2.1,2.5,2.8,3.6,4.2,-11,-1,5,10,29,
rcp85,Northern Tropical Pacific, NTP, all,BW,2035,0.4,0.5,0.6,0.8,1.0,-6,-1,1,3,18,
rcp85,Northern Tropical Pacific, NTP, all,BW,2065,1.1,1.4,1.6,1.9,2.3,-6,-1,2,7,21,
rcp85,Northern Tropical Pacific, NTP, all,BW,2100,2.1,2.5,2.9,3.6,4.2,-8,-1,3,11,31,
rcp85,Northern Tropical Pacific, NTP, all,BS,2035,0.4,0.5,0.6,0.8,1.1,-6,-1,1,4,12,
rcp85,Northern Tropical Pacific, NTP, all,BS,2065,1.0,1.4,1.6,2.0,2.5,-9,-1,3,5,17,
rcp85,Northern Tropical Pacific, NTP, all,BS,2100,2.0,2.5,2.8,3.8,4.3,-16,0,6,11,26,
rcp85,Tibetan Plateau, TIB, land,Annual,2035,0.6,1.0,1.3,1.5,2.0,-2,3,4,5,13,
rcp85,Tibetan Plateau, TIB, land,Annual,2065,1.9,2.5,3.0,3.5,4.8,-2,6,9,12,28,
rcp85,Tibetan Plateau, TIB, land,Annual,2100,3.9,4.7,5.5,6.3,8.4,-2,10,16,21,47,
rcp85,Tibetan Plateau, TIB, land,BW,2035,0.2,1.1,1.3,1.7,2.4,-2,2,5,7,12,
rcp85,Tibetan Plateau, TIB, land,BW,2065,1.6,2.6,3.2,3.8,5.3,-1,8,13,16,26,
rcp85,Tibetan Plateau, TIB, land,BW,2100,3.9,4.8,5.8,7.0,9.1,0,15,20,28,46,
rcp85,Tibetan Plateau, TIB, land,BS,2035,0.6,1.0,1.2,1.4,2.5,-3,2,4,6,14,
rcp85,Tibetan Plateau, TIB, land,BS,2065,1.8,2.4,2.9,3.3,5.3,-2,5,8,11,32,
rcp85,Tibetan Plateau, TIB, land,BS,2100,3.6,4.6,5.3,6.0,8.8,-3,8,13,18,55,
rcp85,West Africa, WAF, land,Annual,2035,0.7,0.8,0.9,1.1,1.5,-4,0,1,3,8,
rcp85,West Africa, WAF, land,Annual,2065,1.6,1.9,2.1,2.7,3.3,-8,1,2,6,8,
rcp85,West Africa, WAF, land,Annual,2100,2.6,3.6,4.0,5.1,5.9,-10,0,5,8,16,
rcp85,West Africa, WAF, land,BW,2035,0.5,0.8,1.0,1.1,1.6,-6,0,2,4,8,
rcp85,West Africa, WAF, land,BW,2065,1.5,2.0,2.3,2.7,3.4,-2,2,4,9,13,
rcp85,West Africa, WAF, land,BW,2100,3.1,3.7,4.0,4.9,6.1,-8,3,7,13,23,
rcp85,West Africa, WAF, land,BS,2035,0.6,0.8,0.8,1.0,1.5,-6,-1,1,2,8,
rcp85,West Africa, WAF, land,BS,2065,1.6,1.9,2.0,2.8,3.3,-10,-1,1,4,9,
rcp85,West Africa, WAF, land,BS,2100,2.2,3.5,3.9,5.3,5.9,-13,-2,2,6,13,
rcp85,West Coast South America, WSA, land,Annual,2035,0.5,0.7,0.9,1.0,1.4,-6,-1,1,2,5,
rcp85,West Coast South America, WSA, land,Annual,2065,1.5,1.8,2.1,2.4,2.9,-9,-1,1,3,8,
rcp85,West Coast South America, WSA, land,Annual,2100,2.8,3.3,3.8,4.8,5.1,-14,-1,1,6,11,
rcp85,West Coast South America, WSA, land,BW,2035,0.4,0.7,0.8,1.0,1.3,-5,0,1,3,6,
rcp85,West Coast South America, WSA, land,BW,2065,1.6,1.8,2.1,2.4,2.9,-8,-1,2,4,10,
rcp85,West Coast South America, WSA, land,BW,2100,2.6,3.2,3.8,4.7,5.2,-11,1,3,7,14,
rcp85,West Coast South America, WSA, land,BS,2035,0.5,0.8,0.9,1.0,1.4,-9,-2,0,2,6,
rcp85,West Coast South America, WSA, land,BS,2065,1.5,1.9,2.2,2.5,3.0,-13,-3,-1,3,8,
rcp85,West Coast South America, WSA, land,BS,2100,2.9,3.3,3.8,4.8,5.3,-20,-6,-1,3,12,
rcp85,West Indian Ocean, WIO, sea,Annual,2035,0.3,0.6,0.7,0.7,1.1,-3,0,1,3,9,
rcp85,West Indian Ocean, WIO, sea,Annual,2065,1.1,1.4,1.5,1.8,2.2,-7,-1,1,5,16,
rcp85,West Indian Ocean, WIO, sea,Annual,2100,2.0,2.6,2.9,3.5,4.2,-6,-2,4,9,24,
rcp85,West Indian Ocean, WIO, sea,BW,2035,0.3,0.6,0.7,0.8,1.1,-4,-1,0,3,10,
rcp85,West Indian Ocean, WIO, sea,BW,2065,1.1,1.4,1.6,1.9,2.2,-6,-2,2,5,17,
rcp85,West Indian Ocean, WIO, sea,BW,2100,2.1,2.6,2.9,3.5,4.1,-10,-1,4,11,25,
rcp85,West Indian Ocean, WIO, sea,BS,2035,0.3,0.6,0.7,0.8,1.2,-8,-2,2,5,9,
rcp85,West Indian Ocean, WIO, sea,BS,2065,1.0,1.4,1.6,1.8,2.2,-13,-1,2,5,17,
rcp85,West Indian Ocean, WIO, sea,BS,2100,1.7,2.5,2.9,3.5,4.3,-10,-1,4,7,24,
rcp85,West North America, WNA, land,Annual,2035,0.5,1.0,1.2,1.5,2.0,-2,1,2,4,7,
rcp85,West North America, WNA, land,Annual,2065,1.7,2.4,2.8,3.4,4.2,-2,1,4,6,18,
rcp85,West North America, WNA, land,Annual,2100,3.1,4.2,5.0,6.1,7.7,-2,3,6,8,25,
rcp85,West North America, WNA, land,BW,2035,0.2,1.0,1.3,1.7,2.5,-4,1,3,4,8,
rcp85,West North America, WNA, land,BW,2065,1.0,2.5,3.0,3.4,5.0,-2,3,6,8,20,
rcp85,West North America, WNA, land,BW,2100,2.7,4.1,5.0,6.1,8.7,-3,8,12,13,27,
rcp85,West North America, WNA, land,BS,2035,0.6,1.0,1.3,1.5,2.2,-4,0,2,3,8,
rcp85,West North America, WNA, land,BS,2065,1.6,2.3,2.9,3.7,4.4,-7,-1,2,4,15,
rcp85,West North America, WNA, land,BS,2100,3.5,4.7,5.2,6.5,7.8,-16,-4,0,5,20,
